custom_id,misconfigured_snippet,related_cwe,misconfiguration_label
request-1,"class { '::neutron::agents::metadata': debug => $debug, shared_secret => $shared_secret, metadata_ip => $nova_endpoint, metadata_protocol => $nova_internal_protocol, metadata_workers => $metadata_workers, manage_service => true, enabled => true, }",CWE-798,1
request-2,,,0
request-3,"""/usr/local/bin/homeclean.sh"": mode => '0755', content => template(""${module_name}/homeclean.sh.erb"");",CWE-306,1
request-4,$zookeeper_hosts = ['localhost:2181'],CWE-200,1
request-5,,,0
request-6,if count($nodes) > 2 { $policy = 'stop' } else { $policy = 'ignore' },CWE-670,1
request-7,"augeas { $cgi_conf_file: incl => $cgi_conf_file, lens => 'nagioscfg.lns', changes => [ 'set authorized_for_system_information *', 'set authorized_for_configuration_information *', 'set authorized_for_system_commands *', 'set authorized_for_all_services *', 'set authorized_for_all_hosts *', 'set authorized_for_all_service_commands *', 'set authorized_for_all_host_commands *', ], require => [htpasswd[$user], class['apache']], notify => service[$httpd_service_name], }",CWE-284,1
request-8,group { 'com.apple.access_ssh': ensure => absent; },CWE-284,1
request-9,,,0
request-10,"rabbitmq_user { $userid: admin => true, password => $password, provider => 'rabbitmqctl', }",CWE-798,1
request-10,"rabbitmq_user_permissions { ""${userid}@${virtual_host}"": configure_permission => '.*', write_permission => '.*', read_permission => '.*', provider => 'rabbitmqctl', }",CWE-732,1
request-11,'sharedsecret' => 'test',CWE-798,1
request-11,'publickey' => 'test',CWE-798,1
request-11,'merchantid' => 'test',CWE-798,1
request-12,,,0
request-13,"file {$command_filename: ensure => present, content => template('nagios/notify-by-smtp.cfg.erb'), owner => 'root', group => 'root', mode => '0644', replace => 'no', require => package[$nagios::params::package_mailx_smtp], }",CWE-522,1
request-14,,,0
request-15,gnocchi_config { 'statsd/resource_id' : value => $resource_id; 'statsd/user_id' : value => $user_id; 'statsd/project_id' : value => $project_id; 'statsd/archive_policy_name' : value => $archive_policy_name; 'statsd/flush_delay' : value => $flush_delay; },CWE-522,1
request-16,$privileges = 'all',CWE-266,1
request-17,,,0
request-18,"file { '/hugepages': ensure => 'directory', group => 'kvm', } -> mount { '/hugepages': ensure => 'mounted', fstype => 'hugetlbfs', device => 'hugetlbfs', options => 'mode=775,gid=kvm', atboot => true, }",CWE-732,1
request-19,"package { ""gcc"": ensure => latest; }",CWE-829,1
request-20,"file { ""/tmp/testing_component_requires1"": mode => 755, ensure => present, require => testfile[""/tmp/testing_component_requires2""] }",CWE-732,1
request-20,"testfile { ""/tmp/testing_component_requires2"": mode => 755 }",CWE-732,1
request-21,,,0
request-22,,,0
request-23,,,0
request-24,"""http://127.0.0.1:${port}"" => { 'format' => 'json', storerates => true }",CWE-319,1
request-25,"$rabbit_os_user = 'guest', $rabbit_os_password = 'guest', ... $rabbit_own_user = 'guest', $rabbit_own_password = 'guest', ... murano_config { ... 'rabbitmq/login' : value => $rabbit_own_user; 'rabbitmq/password' : value => $rabbit_own_password; ... } ... oslo::messaging::rabbit { ... rabbit_userid => $rabbit_os_user, rabbit_password => $rabbit_os_password, ... }",CWE-798,1
request-25,"$signing_dir = '/tmp/keystone-signing-muranoapi', ... murano_config { ... 'keystone_authtoken/signing_dir' : value => $signing_dir; ... }",CWE-377,1
request-26,"$public_url = 'http://127.0.0.1:8080/v1/auth_%(tenant_id)s', $admin_url = 'http://127.0.0.1:8080', $internal_url = 'http://127.0.0.1:8080/v1/auth_%(tenant_id)s', $public_url_s3 = 'http://127.0.0.1:8080', $admin_url_s3 = 'http://127.0.0.1:8080', $internal_url_s3 = 'http://127.0.0.1:8080'",CWE-319,1
request-27,"class { '::fuel::cobbler': cobbler_user => $::fuel_settings['cobbler']['user'], cobbler_password => $::fuel_settings['cobbler']['password'], ... }",CWE-522,1
request-28,'drivers:management_store:mongodb/ssl_keyfile': value => $ssl_keyfile; 'drivers:management_store:mongodb/ssl_certfile': value => $ssl_certfile; 'drivers:management_store:mongodb/ssl_cert_reqs': value => $ssl_cert_reqs; 'drivers:management_store:mongodb/ssl_ca_certs': value => $ssl_ca_certs;,CWE-319,1
request-29,"command => ""${buildbot_bridge::settings::root}/bin/buildbot-bridge -c ${buildbot_bridge::settings::root}/config.json bblistener""",CWE-78,1
request-29,"command => ""${buildbot_bridge::settings::root}/bin/buildbot-bridge -c ${buildbot_bridge::settings::root}/config.json tclistener""",CWE-78,1
request-29,"command => ""${buildbot_bridge::settings::root}/bin/buildbot-bridge -c ${buildbot_bridge::settings::root}/config.json reflector""",CWE-78,1
request-30,"file {'/var/cache/neutron': ensure => directory, path => '/var/cache/neutron', mode => '0755', owner => neutron, group => neutron, }",CWE-732,1
request-31,"file { $fragdir: ensure => directory, mode => ""0775"", }
file { ""${fragdir}/fragments"": ensure => directory, mode => ""0775"", force => true, ignore => ['.svn', '.git', '.gitignore'], notify => exec[""concat_${name}""], purge => true, recurse => true, source => $source_real, }
file { ""${fragdir}/fragments.concat"": ensure => present, mode => ""0664"", }
file { ""${fragdir}/${concat_name}"": ensure => present, mode => ""0664"", }",CWE-276,1
request-32,"exec { 'create_hdfs_user_directories': command => ""/usr/local/bin/create_hdfs_user_directories.sh --verbose ${groups}"", unless => ""/usr/local/bin/create_hdfs_user_directories.sh --check-for-changes ${groups}"", user => 'hdfs', logoutput => true, }",CWE-78,1
request-33,"file { '/usr/lib/sqoop/lib/mysql-connector-java.jar': ensure => 'link', target => '/usr/share/java/mysql-connector-java.jar', require => [package['sqoop'], package['libmysql-java']], }",CWE-59,1
request-34,"snmp::snmpv3_user { $snmpd_user: authtype => 'md5', authpass => $snmpd_password, }",CWE-327,1
request-35,,,0
request-36,$memcache_servers = $::os_service_default,CWE-200,1
request-37,"file { 'c:/programdata/puppetagain/start-buildbot.bat': content => template(""${module_name}/ec2_start-buildbot.bat.erb""), require => class[instance_metadata]; }",CWE-732,1
request-37,"file { 'c:/programdata/puppetagain/start-buildbot.bat': content => template(""${module_name}/start-buildbot.bat.erb""); }",CWE-732,1
request-37,"file { ""c:/programdata/puppetagain/start-buildbot.xml"": content => template(""buildslave/start-buildbot.xml.erb""); }",CWE-732,1
request-38,,,0
request-39,"$puppet_server_reporturl = ""http://foreman.pvt.build.mozilla.org:3001/""
$puppet_server_facturl = ""http://foreman.pvt.build.mozilla.org:3000/""",CWE-319,1
request-39,"'slavealloc_api_url' => 'http://slavealloc.pvt.build.mozilla.org/api/',",CWE-319,1
request-39,"'moco_ldap_uri' => 'ldap://ldap.db.scl3.mozilla.com/',",CWE-319,1
request-39,"$user_python_repositories = [ ""http://pypi.pvt.build.mozilla.org/pub"", ""http://pypi.pub.build.mozilla.org/pub"" ]",CWE-319,1
request-39,"$shipit_notifier_api_root = ""http://ship-it.mozilla.org""",CWE-319,1
request-39,"$slaveapi_slavealloc_url = ""http://slavealloc.build.mozilla.org/api/""
$slaveapi_buildapi_url = ""http://buildapi.pvt.build.mozilla.org/buildapi/""",CWE-319,1
request-39,"$selfserve_agent_private_url = ""http://buildapi.pvt.build.mozilla.org/buildapi/self-serve""",CWE-319,1
request-39,"$slaverebooter_slaveapi = ""http://slaveapi1.srv.releng.scl3.mozilla.com:8080""",CWE-319,1
request-40,"file { $ssl_private_key: mode => '0440', owner => 'root', group => 'hue', before => service['hue'], }",CWE-266,1
request-41,"package { ""subversion"": ensure => latest; }",CWE-829,1
request-42,useragent => undef,CWE-345,1
request-43,,,0
request-44,"file { '/etc/logrotate.d/apache2': ensure => 'file', owner => 'root', group => 'root', mode => '0644', content => template('osnailyfacter/apache2.logrotate.erb'), require => package['httpd'] }",CWE-732,1
request-44,"file { '/etc/logrotate.d/httpd-prerotate/apache2': ensure => 'file', owner => 'root', group => 'root', mode => '0755', content => template('osnailyfacter/apache2.prerotate.erb'), }",CWE-732,1
request-45,,,0
request-46,"$public_url = 'http://127.0.0.1:8082', $admin_url = 'http://127.0.0.1:8082', $internal_url = 'http://127.0.0.1:8082',",CWE-319,1
request-47,"file { $tftp_root: ensure => directory, owner => 'ironic', group => 'ironic', mode => 755, require => class['ironic'], }",CWE-732,1
request-48,,,0
request-49,"'haproxy.be': key => 'haproxy.be[*]', command => '/etc/zabbix/scripts/haproxy.sh -v $1 $2 $3';",CWE-78,1
request-49,"'haproxy.fe': key => 'haproxy.fe[*]', command => '/etc/zabbix/scripts/haproxy.sh -v $1 $2 $3';",CWE-78,1
request-49,"'haproxy.sv': key => 'haproxy.sv[*]', command => '/etc/zabbix/scripts/haproxy.sh -v $1 $2 $3';",CWE-78,1
request-50,"exec { ""get_jacuzzi_metadata"": require => file[""/usr/local/bin/jacuzzi_metadata.py""], creates => ""/etc/jacuzzi_metadata.json"", user => ""root"", command => ""$python /usr/local/bin/jacuzzi_metadata.py -o /etc/jacuzzi_metadata.json""; }",CWE-78,1
request-50,"exec { ""get_jacuzzi_metadata"": require => file[""/usr/local/bin/jacuzzi_metadata.py""], user => ""root"", command => ""$python /usr/local/bin/jacuzzi_metadata.py -o /etc/jacuzzi_metadata.json""; }",CWE-78,1
request-51,"command => ""git clone ${repo} ${dst_dir}""",CWE-78,1
request-52,"apt::conf { 'allow-unathenticated': content => 'apt::get::allowunauthenticated 0;', }",CWE-693,1
request-53,"$user = $::os_service_default, $group = $::os_service_default",CWE-266,1
request-54,,,0
request-55,,,0
request-56,,,0
request-57,,,0
request-58,,,0
request-59,,,0
request-60,,,0
request-61,grant all privileges on ${jdbc_database}.* to '${jdbc_username}'@'${allowed_host}' identified by '${jdbc_password}';,CWE-266,1
request-61,"command => ""/usr/bin/mysql ${username_option} ${password_option} -e \"" grant all privileges on ${jdbc_database}.* to '${jdbc_username}'@'${allowed_host}' identified by '${jdbc_password}'; flush privileges;\""""",CWE-798,1
request-62,,,0
request-63,$cluster_password = $::pacemaker::new::params::cluster_password,CWE-522,1
request-64,,,0
request-65,$password,CWE-522,1
request-66,,,0
request-67,"$secrets_dir = ""${root}/secrets""",CWE-312,1
request-68,,,0
request-69,'default/metadata_proxy_shared_secret': value => $shared_secret;,CWE-522,1
request-70,,,0
request-71,,,0
request-72,,,0
request-73,,,0
request-74,,,0
request-75,content => template('swift/proxy/tempurl.conf.erb'),CWE-94,1
request-76,"exec { 'reauthenticate-across-all-nodes': command => ""${::pacemaker::pcs_bin} cluster auth ${cluster_members} -u hacluster -p ${::pacemaker::hacluster_pwd} --force"", ... }",CWE-522,1
request-76,"exec { 'auth-successful-across-all-nodes': command => ""${::pacemaker::pcs_bin} cluster auth ${cluster_members} -u hacluster -p ${::pacemaker::hacluster_pwd}"", ... }",CWE-522,1
request-77,$hacluster_pwd = 'changeme',CWE-798,1
request-78,"class cinder::volume::vmdk( $host_ip, $host_username, $host_password, ... )",CWE-256,1
request-79,$database_connection = 'mysql://ceilometer:ceilometer@localhost/ceilometer',CWE-522,1
request-80,"listen_port => 8080,",CWE-200,1
request-81,"command => ""ip route replace default via ${gateway} || true""",CWE-703,1
request-82,,,0
request-83,,,0
request-84,,,0
request-85,"settings => { wgeventserviceurl => 'http://localhost:8085/v1/events', },",CWE-319,1
request-86,"password => hiera('lma::collector::infrastructure_alerting::password'),",CWE-522,1
request-87,,,0
request-88,"firewall { '000 accept all icmp requests': proto => 'icmp', action => 'accept', }",CWE-284,1
request-89,"heka::output::http { ""nagios_afd_${title}"": ensure => $ensure, config_dir => $lma_collector::params::metric_config_dir, url => $url, message_matcher => ""fields[${lma_collector::params::aggregator_flag}] == nil && type == 'heka.sandbox.${message_type}'"", username => $user, password => $password, encoder => ""nagios_afd_${title}"", timeout => $lma_collector::params::nagios_timeout, headers => { 'content-type' => 'application/x-www-form-urlencoded' }, use_buffering => $lma_collector::params::buffering_enabled, max_buffer_size => $lma_collector::params::buffering_max_buffer_size_for_nagios, max_file_size => $lma_collector::params::buffering_max_file_size_for_nagios, queue_full_action => $lma_collector::params::queue_full_action_for_nagios, require => heka::encoder::sandbox[""nagios_afd_${title}""], notify => class['lma_collector::service::metric'], }",CWE-522,1
request-90,,,0
request-91,"resource_params => ""${dest_option} ${src_option} ${nic_option} ${gw_option}""",CWE-78,1
request-92,"$debug = pick($cinder_hash['debug'], hiera('debug', true))",CWE-778,1
request-93,"file { '/etc/my.cnf': owner => 'root', group => 'root', mode => '0644', content => template($config), }",CWE-732,1
request-94,$database_connection = 'sqlite:////var/lib/ironic/ovs.sqlite',CWE-312,1
request-95,,,0
request-96,"file { '/etc/bigswitch/purge_all.sh': ensure => file, source => 'puppet:///modules/bcf/purge_all.sh', }",CWE-434,1
request-96,"exec { 'purge openstack neutron objects': command => 'bash /etc/bigswitch/purge_all.sh', path => '/usr/local/bin/:/usr/bin/:/bin', require => file['/etc/bigswitch/purge_all.sh'] }",CWE-78,1
request-97,"""${name}/netapp_server_port"": value => $netapp_server_port;",CWE-319,1
request-97,"""${name}/netapp_transport_type"": value => $netapp_transport_type;",CWE-319,1
request-98,,,0
request-99,'pxe/tftp_root': value => $tftp_root_real;,CWE-732,1
request-99,'pxe/tftp_master_path': value => $tftp_master_path;,CWE-732,1
request-100,"$charset = 'utf8',
$collate = 'utf8_general_ci',",CWE-176,1
request-101,"file { $trustlevel_file: content => $slave_trustlevel, replace => false, mode => filemode(0500), require => class[dirs::etc], }",CWE-276,1
request-102,,,0
request-103,,,0
request-104,,,0
request-105,"manila_config { ""${share_backend_name}/glusterfs_native_path_to_private_key"": value => $glusterfs_native_path_to_private_key; }",CWE-312,1
request-106,,,0
request-107,"user => 'vagrant',",CWE-250,1
request-108,,,0
request-109,,,0
request-110,'default/cinder_admin_auth_url': value => $cinder_admin_auth_url;,CWE-319,1
request-111,,,0
request-112,"options => $options,  # where $options can be 'allow_other,usetrash,ro' or 'allow_other,usetrash,rw'",CWE-732,1
request-113,"'db_password' => 'ceilometer', 'user_password' => 'ceilometer', 'metering_secret' => 'ceilometer',",CWE-798,1
request-113,"class { 'osnailyfacter::apache': listen_ports => hiera_array('apache_ports', ['0.0.0.0:80', '0.0.0.0:8888', '0.0.0.0:5000', '0.0.0.0:35357', '0.0.0.0:8777']), }",CWE-200,1
request-114,"file { ""/etc/update-motd.d/${script}"": ensure => $ensure, mode => '0555', content => $content, source => $source, notify => exec['update_motd'], }",CWE-732,1
request-115,,,0
request-116,$kibana_replicas = 0,CWE-710,1
request-117,"define nova::manage::network ( $network, $label = 'novanetwork', $num_networks = 1, $network_size = 255, $vlan_start = undef, $project = undef, $allowed_start = undef, $allowed_end = undef, $dns1 = undef, $dns2 = undef )",CWE-284,1
request-118,"exec { 'reset-iscsi-initiator-name': command => '/bin/echo initiatorname=$(/usr/sbin/iscsi-iname) > /etc/iscsi/initiatorname.iscsi', onlyif => '/usr/bin/test ! -f /etc/iscsi/.initiator_reset', before => file['/etc/iscsi/.initiator_reset'], }",CWE-78,1
request-119,"rabbitmq_user_permissions { ""${user}@${vhost}"": configure_permission => '.*', read_permission => '.*', write_permission => '.*', }",CWE-732,1
request-120,$os_password = 'changeme',CWE-798,1
request-120,$os_auth_url = 'http://127.0.0.1:5000/v2.0/',CWE-319,1
request-121,"file { ""/etc/cron.d/aws-manager-update-git-clone"": content => ""*/5 * * * * ${users::buildduty::username} cd ${aws_manager::settings::cloud_tools_dst} && /usr/local/bin/git pull -q 2>&1 | logger -t 'aws-manager-update-git'\n""; }",CWE-494,1
request-122,,,0
request-123,,,0
request-124,,,0
request-125,"package { ""nano"": ensure => latest; ""vim-minimal"": ensure => latest; }",CWE-829,1
request-125,"package { [""nano"", ""vim""]: ensure => latest; }",CWE-829,1
request-126,,,0
request-127,if count($nodes) > 2 { $policy = 'stop' } else { $policy = 'ignore' },CWE-670,1
request-128,,,0
request-129,,,0
request-130,,,0
request-131,database_connection => 'mysql://cinder:secret_block_password@openstack-controller.example.com/cinder',CWE-522,1
request-131,keystone_password => 'cinder_pw',CWE-522,1
request-132,,,0
request-133,"package { 'virtual-accelerator': ensure => 'installed', install_options => ['--allow-unauthenticated'], }",CWE-494,1
request-133,"package { 'virtual-accelerator-addon-mellanox': ensure => 'installed', install_options => ['--allow-unauthenticated'], }",CWE-494,1
request-133,"package { ""6wind-openstack-extensions"": ensure => 'installed', install_options => ['--allow-unauthenticated'], }",CWE-494,1
request-133,"file { '/usr/local/bin/config_va.sh': owner => 'root', group => 'root', mode => 0777, source => 'puppet:///modules/virtual_accelerator/config_va.sh', }",CWE-732,1
request-134,sysctl::value { 'net.ipv4.tcp_retries2': value => $tcp_retries2 },CWE-307,1
request-135,,,0
request-136,hasrestart => false,CWE-250,1
request-137,$privileges = 'all',CWE-266,1
request-138,"fc_passwd_1 => $plugin_settings[""pure_password_1""], fc_passwd_2 => $plugin_settings[""pure_password_2""]",CWE-522,1
request-139,"file { $log_dir: ensure => directory, owner => 'root', group => $group, mode => '0775', require => group[$group], }",CWE-732,1
request-140,,,0
request-141,"python::misc_python_file { ""pip-${python::virtualenv::settings::pip_version}.tar.gz"": ; }",CWE-494,1
request-141,"python::misc_python_file { ""distribute-0.6.24.tar.gz"": ; }",CWE-494,1
request-141,"python::misc_python_file { ""virtualenv.py"": ; }",CWE-494,1
request-142,"'password' => ""\""${password}\""""",CWE-522,1
request-143,"file { ""/usr/local/bin/gittool.py"": source => ""puppet:///modules/packages/gittool.py"", owner => ""$users::root::username"", group => ""$users::root::group"", mode => 0755; }",CWE-732,1
request-144,"mediawiki::user { $selenium_user: password => $selenium_password, }",CWE-522,1
request-144,"env::var { 'mediawiki_password': value => $selenium_password, }",CWE-522,1
request-145,"file { ""/etc/x11/default-display-manager"": ensure => absent, force => true; }",CWE-732,1
request-146,$influxdb_username = 'root',CWE-250,1
request-147,allowed_hosts => '*',CWE-284,1
request-147,"$bind_host = hiera('config_ip_version') ? { 'ipv6' => '::0', default => '0.0.0.0', }",CWE-200,1
request-148,$allow_account_management = true,CWE-284,1
request-148,$account_autocreate = true,CWE-284,1
request-149,,,0
request-150,$influxdb_url = 'http://localhost:8086',CWE-319,1
request-150,$protocol = 'http',CWE-319,1
request-151,"sudoers::custom { 'config_hgrc-from-runner': user => $users::builder::username, runas => 'root', command => ""${runner::settings::taskdir}/${runlevel}-config_hgrc""; }",CWE-269,1
request-152,"command => ""/bin/true set -ex cat > ${keyring_path} << eof [mon.] key = ${key} caps mon = \""allow *\"" eof chmod 0444 ${keyring_path} """,CWE-377,1
request-152,"command => ""/bin/rm ${keyring_path}"", unless => ""/bin/true set -ex test ! -e ${keyring_path} """,CWE-732,1
request-152,"command => ""/bin/true set -ex mon_data=\$(ceph-mon ${cluster_option} --id ${id} --show-config-value mon_data) rm -fr \$mon_data """,CWE-732,1
request-153,"'wsrep_sst_auth' => ""\""root:${mysql_root_password}\"""",",CWE-798,1
request-154,$log_dir = '/var/log/magnum',CWE-732,1
request-155,host => $host,CWE-284,1
request-156,"file {'/etc/default/neutron-server': ensure => present, owner => 'root', group => 'root', mode => 644 }",CWE-732,1
request-156,"exec { 'neutron-db-sync': provider => 'shell', command => ""${command} stamp head"", path => [ '/usr/bin', '/bin' ], onlyif => ""${command} current | grep -qe '^current revision.*none$' "" }",CWE-78,1
request-157,,,0
request-158,,,0
request-159,file { '/reboot_after_puppet': ensure => file; },CWE-732,1
request-160,'api/host_ip': value => $host_ip;,CWE-200,1
request-161,,,0
request-162,,,0
request-163,if $use_ssl { if !$cert_file { fail('the cert_file parameter is required when use_ssl is set to true') } if !$key_file { fail('the key_file parameter is required when use_ssl is set to true') } },CWE-295,1
request-163,"oslo::messaging::rabbit {'nova_config': rabbit_password => $rabbit_password, ... }",CWE-798,1
request-163,"oslo::messaging::rabbit {'nova_config': rabbit_use_ssl => $rabbit_use_ssl, ... }",CWE-319,1
request-163,"oslo::messaging::amqp { 'nova_config': allow_insecure_clients => $amqp_allow_insecure_clients, ... }",CWE-306,1
request-164,"exec { ""fix_mount_permissions_${name}"": command => ""chown -r swift:swift ${mnt_base_dir}/${name}"", path => ['/usr/sbin', '/bin'], subscribe => exec[""mount_${name}""], refreshonly => true, before => anchor['swift::config::end'], }",CWE-78,1
request-165,"shared::execonce { 'test-exec': command => ""/bin/touch /tmp/foo""; }",CWE-78,1
request-166,,,0
request-167,"'timeout server' => '28801s', 'timeout client' => '28801s'",CWE-400,1
request-168,"exec { ""osx_defaults write ${domain} ${key}=>${value}"" : command => ""${defaults_cmd} write ${domain} ${key} ${value}"", unless => ""/bin/test x`${defaults_cmd} read ${domain} ${key}` = x'${value}'"", user => $user, }",CWE-78,1
request-169,,,0
request-170,"file { owner => 'root', group => 'root', mode => '0644', }",CWE-732,1
request-171,"package { [""fonts-kacst-one"", ""fonts-kacst"", ""fonts-liberation"", ""ttf-indic-fonts-core"", ""ttf-kannada-fonts"", ""ttf-dejavu"", ""ttf-oriya-fonts"", ""ttf-punjabi-fonts"", ""ttf-arphic-uming"", ""ttf-paktype"", ""fonts-stix"", ""fonts-unfonts-core"", ""fonts-unfonts-extra"", ""fonts-vlgothic"", ""ttf-sazanami-mincho""]: ensure => latest; }",CWE-829,1
request-172,,,0
request-173,,,0
request-174,"python::virtualenv { ""$db_maintenance_dir"":
  python   => ""${packages::mozilla::python27::python}"",
  require  => class['packages::mozilla::python27'],
  user     => ""${users::builder::username}"",
  group    => ""${users::builder::group}"",
  packages => [
    ""sqlalchemy==0.7.9"",
    ""mysql-python==1.2.3"",
  ];
}",CWE-1104,1
request-175,,,0
request-176,"rabbitmq_user_permissions { 'heat@/': configure_permission => '.*', write_permission => '.*', read_permission => '.*', provider => 'rabbitmqctl', require => class['::rabbitmq'], }",CWE-732,1
request-176,"class { '::heat': rabbit_userid => 'heat', rabbit_password => 'an_even_bigger_secret', rabbit_host => $::openstack_integration::config::ip_for_url, rabbit_use_ssl => $::openstack_integration::config::ssl, rabbit_port => $::openstack_integration::config::rabbit_port, database_connection => 'mysql+pymysql://heat:heat@127.0.0.1/heat?charset=utf8', debug => true, }",CWE-215,1
request-176,"class { '::heat::engine': auth_encryption_key => '1234567890azertyuiopmlkjhgfdsq12', heat_metadata_server_url => ""${::openstack_integration::config::base_url}:8000"", heat_waitcondition_server_url => ""${::openstack_integration::config::base_url}:8000/v1/waitcondition"", heat_watch_server_url => ""${::openstack_integration::config::base_url}:8003"", }",CWE-321,1
request-177,"command => ""python /opt/contrail/utils/provision_mx.py \ --api_server_ip ${contrail::contrail_mgmt_vip} --api_server_port 8082 \ --oper add --router_name ${name} --router_ip ${name} --router_asn ${contrail::asnum} \ --admin_user '${contrail::neutron_user}' --admin_tenant_name '${contrail::service_tenant}' --admin_password '${contrail::service_token}' \ && touch /opt/contrail/prov_external_bgp_${name}-done""",CWE-312,1
request-177,"command => ""python /opt/contrail/utils/provision_control.py \ --api_server_ip ${contrail::contrail_mgmt_vip} --api_server_port 8082 \ --router_asn ${contrail::asnum} \ --admin_user '${contrail::neutron_user}' --admin_tenant_name '${contrail::service_tenant}' --admin_password '${contrail::service_token}' \ && touch /opt/contrail/prov_control_asn-done""",CWE-312,1
request-177,"command => ""python /opt/contrail/utils/provision_control.py \ --api_server_ip ${contrail::contrail_mgmt_vip} --api_server_port 8082 \ --oper add --host_name ${::fqdn} --host_ip ${contrail::address} --router_asn ${contrail::asnum} \ --admin_user '${contrail::neutron_user}' --admin_tenant_name '${contrail::service_tenant}' --admin_password '${contrail::service_token}' \ && touch /opt/contrail/prov_control_bgp-done""",CWE-312,1
request-178,,,0
request-179,"privileges => $privileges,",CWE-266,1
request-180,$version = 'latest',CWE-494,1
request-181,"exec { ""set-resolution"": command => ""/usr/local/bin/screenresolution set $resolution"", unless => ""/usr/local/bin/screenresolution get 2>&1 | /usr/bin/grep 'display 0: $resolution'"", require => class[""packages::mozilla::screenresolution""]; }",CWE-78,1
request-182,"file { $config_file: owner => 0, group => 0, mode => 0644, notify => exec['apt-get-update'], content => template(""packages/sources.list.erb""); }",CWE-732,1
request-182,"file { ""/etc/apt/${repo_name}-pubkey.txt"": source => $gpg_key, owner => 0, group => 0, mode => 0644, notify => exec[""install-${repo_name}-repo-pubkey""], show_diff => false; }",CWE-732,1
request-183,"file { '/etc/rsyslog.d': ... mode => '0755', ... }",CWE-732,1
request-184,,,0
request-185,"mediawiki::extension { 'ldapauthentication': needs_update => true, settings => template('role/wikitech/ldapauth.php.erb'), }",CWE-798,1
request-186,,,0
request-187,"command => ""/bin/true set -ex wget --no-check-certificate ${rgw_keystone_url}/v2.0/certificates/ca -o - | openssl x509 -pubkey | certutil -a -d ${nss_db_path} -n ca -t \""tcu,cu,tuw\"" """,CWE-295,1
request-187,"command => ""/bin/true set -ex wget --no-check-certificate ${rgw_keystone_url}/v2.0/certificates/signing -o - | openssl x509 -pubkey | certutil -a -d ${nss_db_path} -n signing_cert -t \""p,p,p\"" """,CWE-295,1
request-188,"class { 'users::root::account': stage => users, username => $username, group => $group, home => $home; }",CWE-250,1
request-189,,,0
request-190,,,0
request-191,"openstack::ha::haproxy_service { 'ceilometer': order => '140', listen_port => 8777, public => true, public_ssl => $public_ssl, public_ssl_path => $public_ssl_path, internal_ssl => $internal_ssl, internal_ssl_path => $internal_ssl_path, require_service => 'ceilometer-api', haproxy_config_options => { 'option' => ['httplog', 'forceclose', 'http-buffer-request'], 'timeout' => 'http-request 10s', 'http-request' => 'set-header x-forwarded-proto https if { ssl_fc }', }, }",CWE-319,1
request-192,"user => 'vagrant',",CWE-250,1
request-193,"file { '/etc/nginx/nginx.conf': source => 'puppet:///modules/nginx/nginx.conf', }",CWE-276,1
request-193,"file { '/etc/nginx/mime.types': source => 'puppet:///modules/nginx/mime.types', }",CWE-276,1
request-193,"file { '/etc/nginx/sites': ensure => 'directory', }",CWE-276,1
request-193,file { '/etc/logrotate.d/nginx': source => 'puppet:///modules/nginx/logrotate' },CWE-276,1
request-194,"exec { 'eventlogging_virtualenv_pip_install': command => ""${path}/virtualenv/bin/pip install -e ."", cwd => $path, creates => ""${path}/virtualenv/local/lib/python2.7/site-packages/eventlogging.egg-link"", require => [ service::gitupdate['eventlogging'], package['libmysqlclient-dev'], package['librdkafka-dev'] ], }",CWE-78,1
request-195,"file { 'fake_uplink_script': ensure => $ensure_scripts, path => ""${scripts_dir}/create_fake_uplink_l2.sh"", content => template('midonet/gateway/create_fake_uplink_l2.sh.erb'), }",CWE-379,1
request-195,"exec { ""/bin/bash -x ${scripts_dir}/create_fake_uplink_l2.sh 2>&1 | tee /tmp/bash.out"": returns => ['0', '7'], require => [ file['fake_uplink_script'], package['python-midonetclient'], ] }",CWE-732,1
request-196,"exec { 'cgroup-create-impala': command => '/usr/bin/cgcreate -a impala:impala -t impala:impala -g cpu:impala', creates => ""${cgroup_path}/tasks"", require => [package['impala-server'], package['cgroup-bin']], }",CWE-78,1
request-197,"file { ""$homedir_/.pip"": ensure => directory; ""$homedir_/.pip/pip.conf"": content => template(""python/user-pip-conf.erb""); }",CWE-732,1
request-198,"package { ""mercurial"": ensure => ""1.4-3.el6""; }",CWE-494,1
request-198,"package { [""mercurial"", ""mercurial-common""]: ensure => ""2.5.4-0mozilla1""; }",CWE-494,1
request-199,"file { '/root/openrc': owner => 'root', group => 'root', mode => '0700', content => template(""${module_name}/openrc.erb"") }",CWE-359,1
request-200,$privileges = 'all',CWE-266,1
request-201,"class { 'lma_logging_analytics::elasticsearch': listen_address => hiera('lma::elasticsearch::listen_address'), ... }",CWE-200,1
request-202,'service:central/managed_resource_email' : value => $managed_resource_email;,CWE-200,1
request-203,"location => ""http://${mem_user}:${mem_password}@apt.midokura.com/midonet/${mem_version}/stable""",CWE-522,1
request-204,"""auth_url"" => ""http://${management_vip}:5000/v2.0""",CWE-319,1
request-205,"@file { ""/tmp/collection"": content => ""whatever"" }",CWE-377,1
request-206,"service <| tag == 'keystone-service' |> { hasrestart => true, restart => '/bin/true', start => '/bin/true', stop => '/bin/true', }",CWE-693,1
request-207,"class { '::ceilometer::db::mysql': password => 'ceilometer', }",CWE-798,1
request-207,class { '::ceilometer::keystone::authtoken': password => 'tralalayouyou' },CWE-798,1
request-207,"class { '::ceilometer::agent::auth': auth_url => 'http://localhost:35357/v2.0', auth_password => 'tralalerotralala' }",CWE-798,1
request-207,class { '::ceilometer': telemetry_secret => 'darksecret' },CWE-798,1
request-208,'default/trove_auth_url': value => $auth_url;,CWE-287,1
request-208,'default/swift_url': value => $swift_url;,CWE-287,1
request-208,$auth_url = 'http://localhost:5000/v2.0',CWE-319,1
request-209,,,0
request-210,"ensure_resource('file', 'create-policy-rc.d', { ensure => present, path => $policyrc_file, content => "" mode => '0755', owner => 'root', group => 'root' })",CWE-732,1
request-211,"if $debug { warning('debug is enabled, the traffic is not blocked.') }",CWE-284,1
request-212,"env::profile_script { 'add arcanist bin to path': content => ""export path=\$path:${deploy_dir}/arcanist/bin"", }",CWE-427,1
request-213,"cdh::hadoop::directory { '/user/history': owner => 'yarn', group => 'hdfs', mode => '1777', require => [service['hadoop-hdfs-namenode'], cdh::hadoop::directory['/user']], }",CWE-732,1
request-214,,,0
request-215,$swauth_super_admin_key = 'swauthkey',CWE-798,1
request-216,"file { '/boot/grub/menu.lst': ensure => present, content => template(""grub/ubuntu-menu.lst.erb""), notify => exec['reboot_semaphore']; }",CWE-276,1
request-216,"file { '/etc/default/grub': ensure => present, content => template(""grub/defaults.erb""), notify => exec['reboot_semaphore']; }",CWE-276,1
request-217,,,0
request-218,,,0
request-219,"file { ""/tmp/${script}"":
  ensure  => file,
  content => template(""monasca/${script}.erb""),
  mode    => '0755',
  owner   => 'root',
  group   => 'root',
}",CWE-379,1
request-220,"define lma_collector::logs::openstack ( $service_match = '.+', ) { ... file_match => ""(?p<service>${service_match})\.log\.?(?p<seq>\d*)$"", ... }",CWE-184,1
request-221,,,0
request-222,"file { ""${docroot}/info.php"": ensure => file, require => package['apache2'], source => 'puppet:///modules/mediawiki/info.php', }",CWE-200,1
request-223,"file { '/etc/rabbitmq/ssl/private': ensure => directory, owner => 'root', mode => '0755', selinux_ignore_defaults => true, before => file[""/etc/rabbitmq/ssl/private/${::fqdn}.pem""], }",CWE-732,1
request-224,"$public_url = 'http://127.0.0.1:8888', $admin_url = 'http://127.0.0.1:8888', $internal_url = 'http://127.0.0.1:8888'",CWE-319,1
request-225,,,0
request-226,"'password' => ""\""${password}\""""",CWE-522,1
request-227,,,0
request-228,$password = false,CWE-798,1
request-229,,,0
request-230,,,0
request-231,$san_password = undef,CWE-522,1
request-232,"class { '::keystone': debug => true, catalog_type => 'sql', admin_token => 'admin_token', }",CWE-798,1
request-232,"class { '::keystone::roles::admin': email => 'example@abc.com', password => 'changeme', }",CWE-798,1
request-232,"class { '::keystone::roles::admin': email => 'test@puppetlabs.com', password => 'changeme', }",CWE-798,1
request-232,"class { '::keystone::db::mysql': password => 'keystone', }",CWE-798,1
request-232,"class { '::keystone': debug => true, database_connection => 'mysql://keystone:keystone@127.0.0.1/keystone', catalog_type => 'sql', admin_token => 'admin_token', }",CWE-798,1
request-232,"class { '::keystone': debug => true, database_connection => 'mysql://keystone:password@127.0.0.1/keystone', catalog_type => 'sql', admin_token => 'admin_token', }",CWE-798,1
request-233,,,0
request-234,if count($nodes) > 2 { $policy = 'stop' } else { $policy = 'ignore' },CWE-250,1
request-235,"exec { 'copy_template': command => ""cp /usr/local/etc/fast-path.env.tmpl ${fp_conf_file}"", }",CWE-78,1
request-235,"exec { 'set_hugepages_dir': command => ""config_va.sh hugepages_dir ${hugepages_dir}"", path => '/usr/local/bin/', }",CWE-78,1
request-235,"exec { 'set_vm_mem': command => ""config_va.sh vm_memory ${vm_mem}"", path => '/usr/local/bin/', }",CWE-78,1
request-235,"exec { 'set_fp_mem': command => ""config_va.sh fp_memory ${fp_mem}"", path => '/usr/local/bin/', }",CWE-78,1
request-235,"exec {'remove_old_conf': command => ""rm ${fp_conf_file}"", require => exec['set_fp_mem'], }",CWE-78,1
request-236,,,0
request-237,,,0
request-238,"file { '/tmp/wikimedia.key': source => 'puppet:///modules/hhvm/wikimedia.key', } exec { 'apt-key-wikimedia': command => '/usr/bin/apt-key add /tmp/wikimedia.key', require => file['/tmp/wikimedia.key'], }",CWE-377,1
request-239,,,0
request-240,"rabbitmq_user_permissions { 'aodh@/': configure_permission => '.*', write_permission => '.*', read_permission => '.*', provider => 'rabbitmqctl', require => class['::rabbitmq'], }",CWE-732,1
request-240,"database_connection => 'mysql+pymysql://aodh:aodh@127.0.0.1/aodh?charset=utf8',",CWE-798,1
request-241,"$log_dir = '/var/log/{{cookiecutter.project_name}}', $log_file = '/var/log/{{cookiecutter.project_name}}/{{cookiecutter.project_name}}.log'",CWE-732,1
request-242,$http_host = '0.0.0.0',CWE-200,1
request-242,$secret_key = undef,CWE-798,1
request-242,$oozie_security_enabled = false,CWE-284,1
request-242,$smtp_password = undef,CWE-798,1
request-242,$database_password = undef,CWE-798,1
request-242,$database_engine = 'sqlite3',CWE-922,1
request-243,"class { '::nagios::cgi':
  ...
  user => $http_user,
  password => $http_password,
  ...
  ui_tls_enabled => $ui_tls_enabled,
  ...
}",CWE-319,1
request-244,"$password = undef,",CWE-522,1
request-245,"file_line { 'clear_emulator_capabilities': path => '/etc/libvirt/qemu.conf', line => 'clear_emulator_capabilities = 0', notify => service['libvirt'] }",CWE-732,1
request-246,,,0
request-247,"file { '/etc/nginx/sites/kitano.nl': source => 'puppet:///modules/kitanonl/kitano.nl', ... }",CWE-276,1
request-248,,,0
request-249,"file { $file_real: ensure => $ensure, content => template($template), notify => service[$plugin_zabbix::params::agent_service] }",CWE-22,1
request-250,$nova_proxy_admin_pass,CWE-522,1
request-251,"git::clone { $ext_repo: directory => $ext_dir, branch => $mwbranch, remote => $remote, require => git::clone['mediawiki/core'], }",CWE-494,1
request-252,,,0
request-253,cinder_config { 'default/volume_clear': value => $volume_clear; 'default/volume_clear_size': value => $volume_clear_size; 'default/volume_clear_ionice': value => $volume_clear_ionice; },CWE-200,1
request-254,"charset = 'utf8', collate = 'utf8_general_ci'",CWE-176,1
request-255,,,0
request-256,,,0
request-257,"exec { $title: command => $command, ... user => $user, ... }",CWE-78,1
request-258,"command => ""keystone-manage ${extra_params} db_sync""",CWE-78,1
request-259,"file { '/etc/default/influxdb': ensure => present, owner => 'root', group => 'root', mode => '0644', content => template('influxdb/influxdb_variables.erb') }",CWE-732,1
request-260,,,0
request-261,,,0
request-262,"exec { ""run-hostname-centos"": command => ""/bin/hostname $fqdn"", refreshonly => true; }",CWE-78,1
request-262,"exec { ""disable-wifi"": command => ""/usr/sbin/networksetup -setairportpower en1 off"", unless => ""/usr/sbin/networksetup -getairportpower en1 | egrep 'off'""; }",CWE-78,1
request-262,"exec { ""disable multicast"": command => ""/usr/libexec/plistbuddy -c \""add :programarguments: string --no-multicast\"" /system/library/launchdaemons/com.apple.discoveryd.plist"", unless => ""/usr/bin/defaults read /system/library/launchdaemons/com.apple.discoveryd.plist | egrep 'no-multicast'"" }",CWE-78,1
request-263,"file { ""/etc/rc.modules"": ensure => present, mode => 0755; }",CWE-732,1
request-264,$auth_protocol = 'http',CWE-319,1
request-265,,,0
request-266,"$wggrouppermissions[""sysop""][""invitesignup""] = true;",CWE-862,1
request-267,,,0
request-268,"service <| tag == 'neutron-service' |> { hasrestart => true, restart => '/bin/true', start => '/bin/true', stop => '/bin/true', }",CWE-284,1
request-269,"package { ""ruby${title}"": ensure => latest, }",CWE-829,1
request-269,"package { ""ruby${title}-dev"": ensure => latest, }",CWE-829,1
request-270,"$auth = 'none',
$user = undef,
$password = undef,
...
heka::output::smtp { 'smtp_alert':
  ...
  auth => $auth,
  user => $user,
  password => $password,
  ...
}",CWE-522,1
request-271,"class { '::openstack::ha::swift': internal_virtual_ip => $internal_virtual_ip, ipaddresses => $ipaddresses, public_virtual_ip => $public_virtual_ip, server_names => $server_names, public_ssl => $public_ssl, public_ssl_path => $public_ssl_path, internal_ssl => $internal_ssl, internal_ssl_path => $internal_ssl_path, baremetal_virtual_ip => $baremetal_virtual_ip, bind_to_one => $bind_to_one, }",CWE-319,1
request-272,,,0
request-273,"package { ""openipmi"": ensure => latest; ""ipmitool"": ensure => latest; }",CWE-829,1
request-274,'port' => 12345,CWE-200,1
request-275,,,0
request-276,"file { ""/var/lib/tftpboot"": ensure => directory; ""/tftpboot"": ensure => link, target => ""/var/lib/tftpboot""; }",CWE-732,1
request-277,,,0
request-278,"'/opt/bacula/ssl': ensure => directory, owner => $bacula_client::settings::owner, group => $bacula_client::settings::group, mode => '0640', purge => true, recurse => true, require => class['packages::bacula_enterprise_client'];",CWE-276,1
request-279,"registry::value { 'defaultpassword': key => ""hklm\\software\\microsoft\\windows nt\\currentversion\\winlogon"", data => secret(""builder_pw_cleartext""), }",CWE-522,1
request-280,"file { $dir: ensure => directory, owner => 'redis', group => 'redis', mode => '0755', require => package['redis-server'], }",CWE-732,1
request-281,password_hash => mysql_password($password),CWE-328,1
request-282,"file { '/etc/puppet/hiera.yaml': content => '', }",CWE-494,1
request-283,"concat::fragment { 'dns allow-new-zones': target => $::dns::optionspath, content => 'allow-new-zones yes;', order => '20', }",CWE-284,1
request-284,"package { ""mod_passenger"": ensure => ""3.0.12-1.el6""; }",CWE-1104,1
request-285,,,0
request-286,,,0
request-287,$log_file = '/var/log/octavia/octavia.log',CWE-379,1
request-288,"file { 'midonet-manager-config': owner => 'root', group => 'root', mode => '0644', path => ""${mem_install_path}/config/client.js"", content => template(""${module_name}/manager/client.js.erb""), require => package['midonet-manager'] }",CWE-200,1
request-289,,,0
request-290,,,0
request-291,git_remote => 'https://github.com/wikimedia/change-propagation.git',CWE-494,1
request-292,,,0
request-293,,,0
request-294,"create_resources(ssh_authorized_key, $keys, { ensure => present, user => 'root' } )",CWE-620,1
request-295,"$vncproxy_protocol_real = pick( $vncproxy_protocol, $::nova::compute::vncproxy_protocol, $::nova::vncproxy::vncproxy_protocol, 'http')",CWE-319,1
request-296,"""${name}/dell_sc_verify_cert"": value => $dell_sc_verify_cert;",CWE-295,1
request-297,"ceph::key { ""client.${rgw_name}"": secret => $rgw_key, cap_mon => 'allow *', cap_osd => 'allow *', inject => true, }",CWE-732,1
request-297,"ceph::rgw::keystone { $rgw_name: rgw_keystone_admin_token => $keystone_admin_token, ... }",CWE-522,1
request-298,"file { '/etc/varnish/secret': owner => 'root', group => 'root', mode => '0755', content => '9cd5ac29-39c9-4b8b-98a8-d042de4f92c2', require => file['/etc/varnish'], }",CWE-266,1
request-299,,,0
request-300,"file { $alarm_definition_config: ensure => file, content => template($alarm_definition_config_source), mode => '0755', owner => 'root', group => 'root', }
file { $notification_config: ensure => file, content => template($notification_config_source), mode => '0755', owner => 'root', group => 'root', }
file { $notification_assignments: ensure => file, content => template($notification_assignments_source), mode => '0755', owner => 'root', group => 'root', }",CWE-732,1
request-301,,,0
request-302,"$password = $scaleio['password']
if $scaleio['existing_cluster'] {
  $client_password = $password
} else {
  $client_password_str = base64('encode', pw_hash($password, 'sha-512', 'scaleio.client.access'))
  $client_password = inline_template('sio-<%= @client_password_str[33..40] %>-<%= @client_password_str[41..48] %>')
}
...
class {'::scaleio_openstack::nova':
  ensure => present,
  gateway_user => $::gateway_user,
  gateway_password => $client_password,
  gateway_ip => $gateway_ip,
  gateway_port => $::gateway_port,
  protection_domains => $pd_name,
  storage_pools => $::storage_pools,
  provisioning_type => $provisioning_type,
}",CWE-522,1
request-303,,,0
request-304,"$public_protocol = get_ssl_property($ssl_hash, $public_ssl_hash, 'glance', 'public', 'protocol', 'http')",CWE-319,1
request-304,"$internal_protocol = get_ssl_property($ssl_hash, {}, 'glance', 'internal', 'protocol', 'http')",CWE-319,1
request-304,"$admin_protocol = get_ssl_property($ssl_hash, {}, 'glance', 'admin', 'protocol', 'http')",CWE-319,1
request-304,"$glare_public_protocol = get_ssl_property($ssl_hash, $public_ssl_hash, 'glare', 'public', 'protocol', 'http')",CWE-319,1
request-304,"$glare_internal_protocol = get_ssl_property($ssl_hash, {}, 'glare', 'internal', 'protocol', 'http')",CWE-319,1
request-304,"$glare_admin_protocol = get_ssl_property($ssl_hash, {}, 'glare', 'admin', 'protocol', 'http')",CWE-319,1
request-305,"@@nova::manage::cells { $cell_name: cell_type => $cell_type, cell_parent_name => $cell_parent_name, rabbit_username => $::nova::rabbit_userid, rabbit_password => $::nova::rabbit_password, rabbit_hosts => $::nova::rabbit_hosts, rabbit_port => $::nova::rabbit_port, rabbit_virtual_host => $::nova::rabbit_virtual_host, weight_offset => $weight_offset, weight_scale => $weight_scale, before => service['cells'] }",CWE-522,1
request-306,"database => { type => 'mysql', host => $full_db_host, name => $db_name, user => $db_username, password => $db_password, },",CWE-256,1
request-306,"security => { admin_user => $admin_username, admin_password => $admin_password, },",CWE-256,1
request-307,,,0
request-308,,,0
request-309,,,0
request-310,"if $coordination_url { ensure_resource('ceilometer_config', 'coordination/backend_url', {'value' => $coordination_url}) }",CWE-494,1
request-311,"class lma_collector::collectd::memcached ( $host, $port = 11211, ) { ... }",CWE-1188,1
request-312,,,0
request-313,"class {'midonet::cluster': ... keystone_admin_token => 'testmido', ... }",CWE-798,1
request-313,"class { 'midonet::agent': ... shared_secret => 'testmido', ... }",CWE-798,1
request-313,"class {'midonet::cli': username => 'midogod', password => 'midogod', ... }",CWE-798,1
request-313,"midonet_host_registry { $::hostname: ... username => 'midogod', password => 'midogod', ... }",CWE-798,1
request-314,,,0
request-315,,,0
request-316,,,0
request-317,$database_connection = 'sqlite:////var/lib/mistral/mistral.sqlite',CWE-312,1
request-318,,,0
request-319,"$auth_url = ""http://$server_address:$server_port/keystone/v2.0""",CWE-319,1
request-320,"$rabbit_api_endpoint = ""http://${management_bind_ip_address}:${management_port}/api/definitions""",CWE-319,1
request-321,"$midonet_repo_url = ""http://${mem_username}:${mem_password}@${midonet::params::midonet_repo_baseurl}/mem-${mem_version}""",CWE-319,1
request-322,"file { ""/usr/bin/hg"": ensure => ""link"", replace => ""no"", mode => 755, target => $mercurial; }",CWE-732,1
request-323,,,0
request-324,"service <| tag == 'glance-service' |> { hasrestart => true, restart => '/bin/true', start => '/bin/true', stop => '/bin/true', }",CWE-284,1
request-325,"file { ""$installersource_posix/exes/$exe"": source => ""puppet:///repos$p/exes/$exe"", require => class[""dirs::installersource::puppetagain_pub_build_mozilla_org::exes""]; }",CWE-434,1
request-326,"file { $target: ensure => $properties['ensure'], mode => '0644', require => nagios_host[$host_name], notify => class['nagios::server_service'], }",CWE-732,1
request-327,"class { '::pacemaker': hacluster_pwd => hiera('hacluster_pwd'), }",CWE-798,1
request-328,,,0
request-329,$policy_path = '/etc/ceilometer/policy.json',CWE-276,1
request-330,"osxutils::systemsetup { sleep : setting => ""never"" ; }",CWE-285,1
request-331,,,0
request-332,'ml2_arista/eapi_password': value => $eapi_password;,CWE-256,1
request-333,,,0
request-334,"ensure_resource('sysctl::value', 'net.ipv4.ip_forward', { value => '1' })",CWE-200,1
request-335,"file { '/etc/rc.local': ensure => file, mode => '0777', }",CWE-732,1
request-336,,,0
request-337,"exec { 'download_composer': command => ""curl https://getcomposer.org/composer.phar -o ${bin}"", unless => ""php5 -r 'try { phar::loadphar(\""${bin}\""); exit(0); } catch(exception \$e) { exit(1); }'"", require => package['curl', 'php5-cli'], }",CWE-494,1
request-338,,,0
request-339,,,0
request-340,"class { '::heat::engine' : auth_encryption_key => $heat_hash['auth_encryption_key'], heat_metadata_server_url => $metadata_server_url, heat_waitcondition_server_url => $waitcondition_server_url, heat_watch_server_url => $watch_server_url, trusts_delegated_roles => [], max_resources_per_stack => '20000', instance_connection_https_validate_certificates => '1', instance_connection_is_secure => '0', }",CWE-319,1
request-341,,,0
request-342,"if ($::operatingsystem == 'ubuntu') and (versioncmp($::operatingsystemmajrelease, '16') >= 0) { $ssl_enabled = false } else { $ssl_enabled = true }",CWE-319,1
request-343,,,0
request-344,nova_config { 'neutron/metadata_proxy_shared_secret': value => $neutron_metadata_proxy_secret; },CWE-522,1
request-345,,,0
request-346,"file { ""/var/lib/puppet/.indexing-disabled"" : content => ""indexing-disabled"", notify => exec[""disable-indexing"", ""remove-index""] ; }",CWE-276,1
request-347,"exec { 'os-net-config': command => '/bin/os-net-config -c /etc/os-net-config/config.json -v --detailed-exit-codes', returns => [0, 2], require => [ package['os-net-config'], package['openvswitch'], service['openvswitch'], ], }",CWE-78,1
request-348,"$db_allowed_hosts = pick($aodh_hash['db_allowed_hosts'], '%')",CWE-284,1
request-349,password_hash => mysql_password($password),CWE-327,1
request-350,,,0
request-351,"package { ""ntp"": ensure => latest; }",CWE-829,1
request-352,,,0
request-353,"cluster::corosync::cs_service {'dhcp': ocf_script => 'neutron-dhcp-agent', csr_parameters => { 'plugin_config' => $plugin_config, 'remove_artifacts_on_stop_start' => true, }, ... }",CWE-732,1
request-354,mode => 0755,CWE-732,1
request-355,"package { 'elasticsearch-curator': ensure => 'present', provider => 'pip', }",CWE-494,1
request-356,,,0
request-357,,,0
request-358,$log_address = '/dev/log',CWE-377,1
request-359,,,0
request-360,"cfg => ""${plugins_dir}/check_mysql -h $hostname -u $username -p $password"";",CWE-312,1
request-361,$policy_path = '/etc/nova/policy.json',CWE-276,1
request-362,,,0
request-363,'default/nova_proxy_admin_pass': value => $::trove::nova_proxy_admin_pass;,CWE-522,1
request-363,'default/guest_config': value => $guestagent_config_file,CWE-522,1
request-363,'default/network_label_regex': value => '.*';,CWE-184,1
request-364,"file { 'c:/tools/vs2013': ensure => link, target => 'c:\program files (x86)\microsoft visual studio 12.0'; }",CWE-59,1
request-365,"file { ""${hiera_dir}/${plugin_yaml}"": ensure => file, content => ""${calculated_content}"", }",CWE-359,1
request-366,'glance_store/cinder_api_insecure': value => $cinder_api_insecure;,CWE-295,1
request-367,"file { '/tools/checkouts': ensure => directory, owner => $::config::builder_username, group => $::config::builder_group; }",CWE-732,1
request-368,,,0
request-369,"auto_security_group => true,",CWE-284,1
request-370,$root_helper = 'sudo neutron-rootwrap /etc/neutron/rootwrap.conf',CWE-269,1
request-371,"""${name}/san_password"": value => $san_password;",CWE-256,1
request-372,"php::ini { 'uploadsize': settings => { upload_max_filesize => '100m', post_max_size => '100m', } }",CWE-434,1
request-373,,,0
request-374,"file { '/root/swiftrc': ensure => file, owner => 'root', group => 'root', mode => '0600', tag => 'swift-file', content => "" export st_user=${admin_tenant}:${admin_user} export st_key=${admin_password} export st_auth=${auth_url} "", }",CWE-522,1
request-375,"openstack::ha::haproxy_service { 'ironic-baremetal': order => '185', listen_port => 6385, public => false, public_ssl => false, public_virtual_ip => false, internal_virtual_ip => $baremetal_virtual_ip, }",CWE-319,1
request-375,"openstack::ha::haproxy_service { 'swift-baremetal': order => '125', listen_port => 8080, ipaddresses => $swift_ipaddresses, server_names => $swift_server_names, public => false, public_ssl => false, public_virtual_ip => false, internal_virtual_ip => $baremetal_virtual_ip, haproxy_config_options => { 'option' => ['httpchk', 'httplog', 'httpclose'], }, balancermember_options => 'check port 49001 inter 15s fastinter 2s downinter 8s rise 3 fall 3', }",CWE-319,1
request-375,"openstack::ha::haproxy_service { 'radosgw-baremetal': order => '135', listen_port => 8080, balancermember_port => 6780, ipaddresses => $rgw_ipaddresses, server_names => $rgw_server_names, public => false, public_ssl => false, public_virtual_ip => false, internal_virtual_ip => $baremetal_virtual_ip, haproxy_config_options => { 'option' => ['httplog', 'httpchk get /'], }, }",CWE-319,1
request-376,service { $server_service : ensure => running },CWE-284,1
request-377,"create_resources(sshkey, hiera('ssh_keys', {}))",CWE-798,1
request-378,"command => ""neutron-db-manage ${extra_params} upgrade heads""",CWE-78,1
request-379,cinder_config { 'keymgr/fixed_key': value => $cinder_hash[fixed_key]; },CWE-321,1
request-379,"$db_password = $cinder_hash[db_password]
...
$db_connection = os_database_connection({ 'dialect' => $db_type, 'host' => $db_host, 'database' => $db_name, 'username' => $db_user, 'password' => $db_password, 'extra' => $extra_params })",CWE-522,1
request-380,,,0
request-381,,,0
request-382,$glusterfs_volumes_config = '/etc/manila/glusterfs_volumes',CWE-732,1
request-383,"mediawiki::extension { 'sentry': settings => [ ""\$wgsentrydsn = trim(file_get_contents('${dsn}'));"", ], composer => true, }",CWE-20,1
request-384,gnocchi_config { 'storage/coordination_url' : value => $coordination_url; },CWE-1188,1
request-385,$log_dir = '/var/log/vitrage',CWE-732,1
request-386,"command => ""/usr/bin/nova-manage ${extra_params} db sync""",CWE-78,1
request-387,"file { '/tmp/mn-agent_config.sh': ensure => present, content => template('midonet/agent/mn-agent_config.sh.erb'), }",CWE-377,1
request-388,"[ ""/etc/hiera"", ""/etc/hiera/keys"", ""/etc/hiera/environments"" ]: ensure => directory, owner => puppet, group => puppetsync, mode => 0750;",CWE-732,1
request-389,"package { [ 'nbconvert', 'ipython', 'bleach', ]: ensure => present, provider => pip, }",CWE-494,1
request-390,'database/connection': value => $db_connection;,CWE-522,1
request-391,,,0
request-392,"file {'/etc/neutron/plugin.ini': ensure => link, target => '/etc/neutron/plugins/nicira/nvp.ini', tag => 'neutron-config-file', }",CWE-59,1
request-393,,,0
request-394,,,0
request-395,"file { ensure => present, mode => '0644', owner => 'contrail', group => 'contrail', require => package['contrail-openstack-webui'], }",CWE-732,1
request-396,,,0
request-397,,,0
request-398,"package { ['ruby-json', 'ruby-rest-client']: ensure => latest, }",CWE-829,1
request-399,"package { ""supervisor"": ensure => ""3.0-0.10.b2.el6""; }",CWE-494,1
request-400,"package { 'tcpdump': ensure => 'present', }",CWE-732,1
request-401,"exec { 'vcpu_pin': command => ""crudini --set ${nova_conf_file} default vcpu_pin_set $(python /usr/local/bin/get_vcpu_pin_set.py)"", notify => service['virtual-accelerator'], }",CWE-78,1
request-402,,,0
request-403,,,0
request-404,"exec { 'wait-for-int-br': command => $bridge_exists_check, path => ['/usr/bin', '/usr/sbin'], unless => $bridge_exists_check, try_sleep => 6, tries => 10, }",CWE-78,1
request-405,,,0
request-406,,,0
request-407,,,0
request-408,"exec { 'heat-dbsync': command => ""heat-manage ${extra_params} db_sync"", ... }",CWE-78,1
request-409,$iface = '0.0.0.0',CWE-200,1
request-410,,,0
request-411,"exec { 'cp /root/.ssh/id_rsa.pub /etc/cobbler/authorized_keys': command => 'cp /root/.ssh/id_rsa.pub /etc/cobbler/authorized_keys', creates => '/etc/cobbler/authorized_keys', require => class['::cobbler::server'], }",CWE-276,1
request-412,,,0
request-413,'api/host': value => $host;,CWE-200,1
request-414,$log_dir = '/var/log/keystone',CWE-732,1
request-415,"merge_yaml_settings { path => '/tmp/test.yaml', original_data => '/tmp/test.yaml', overwrite_arrays => true, }",CWE-377,1
request-416,"keystone_user { $admin: ensure => present, enabled => true, email => $email, password => $password, domain => $admin_user_domain, }",CWE-522,1
request-417,"exec { 'ec2api_db_sync' : command => 'ec2api-manage db_sync', path => '/usr/bin', user => $system_user, group => $system_group, refreshonly => true, }",CWE-78,1
request-418,,,0
request-419,"password_hash => mysql_password($password),",CWE-326,1
request-420,"firewall {'221 onos': port => [6633, 6640, 6653, 8181, 8101,9876], proto => 'tcp', action => 'accept', }",CWE-284,1
request-421,"exec { ""creating order constraint ${name}"": command => ""/usr/sbin/pcs constraint order ${first_action} ${first_resource_cleaned} then ${second_action} ${second_resource_cleaned} ${_constraint_params}"", unless => ""/usr/sbin/pcs constraint order show | grep ${first_resource_cleaned} | grep ${second_resource_cleaned} > /dev/null 2>&1"", require => [exec['wait-for-settle'],package['pcs']], tries => $tries, try_sleep => $try_sleep, tag => [ 'pacemaker', 'pacemaker_constraint'], }",CWE-78,1
request-421,"exec { ""creating location constraint ${name}"": command => ""/usr/sbin/pcs constraint location add ${name} ${first_resource_cleaned} ${location} ${score}"", unless => ""/usr/sbin/pcs constraint location show | grep ${first_resource_cleaned} > /dev/null 2>&1"", require => [exec['wait-for-settle'],package['pcs']], tries => $tries, try_sleep => $try_sleep, tag => [ 'pacemaker', 'pacemaker_constraint'], }",CWE-78,1
request-421,"exec { ""removing location constraint ${name}"": command => ""/usr/sbin/pcs constraint location remove ${name_cleaned}"", onlyif => ""/usr/sbin/pcs constraint location show --full | grep ${name_cleaned}"", require => exec['wait-for-settle'], tries => $tries, try_sleep => $try_sleep, tag => [ 'pacemaker', 'pacemaker_constraint'], }",CWE-78,1
request-421,"exec { ""removing ${constraint_type} constraint ${name}"": command => ""/usr/sbin/pcs constraint ${constraint_type} remove ${first_resource_cleaned} ${second_resource_cleaned}"", onlyif => ""/usr/sbin/pcs constraint ${constraint_type} show | grep ${first_resource_cleaned} | grep ${second_resource_cleaned}"", require => exec['wait-for-settle'], tries => $tries, try_sleep => $try_sleep, tag => [ 'pacemaker', 'pacemaker_constraint'], }",CWE-78,1
request-421,"exec { ""creating colocation constraint ${name}"": command => ""/usr/sbin/pcs constraint colocation add ${first_resource_cleaned} ${second_resource_cleaned} ${score}"", unless => ""/usr/sbin/pcs constraint colocation show | grep ${first_resource_cleaned} | grep ${second_resource_cleaned} > /dev/null 2>&1"", require => [exec['wait-for-settle'],package['pcs']], tries => $tries, try_sleep => $try_sleep, tag => [ 'pacemaker', 'pacemaker_constraint'], }",CWE-78,1
request-422,"$home = ""/users/$username""",CWE-377,1
request-423,"class { '::heat' : notification_driver => $notification_driver, rabbit_hosts => $rabbit_hosts, }",CWE-319,1
request-424,"file { ""/tmp/existsfile"": mode => 755, ensure => file }",CWE-276,1
request-424,"file { ""/tmp/existsfile2"": mode => 755, ensure => file }",CWE-276,1
request-424,"file { ""/tmp/existsfile3"": mode => 755, ensure => file }",CWE-276,1
request-424,"file { ""/tmp/existsfile4"": mode => 755, ensure => file }",CWE-276,1
request-424,"file { ""/tmp/existsfile5"": mode => 755, ensure => file }",CWE-276,1
request-424,"file { ""/tmp/${1}file6"": mode => 755, ensure => file }",CWE-276,1
request-425,"cobbler_url => ""http://${::fuel_settings['admin_network']['ipaddress']}:80/cobbler_api""",CWE-319,1
request-426,"cdh::hadoop::directory { '/user/hive/warehouse': owner => 'hive', group => 'hadoop', mode => '1777', require => cdh::hadoop::directory['/user/hive'], }",CWE-732,1
request-427,"file { ""/etc/puppet/rack/config.ru"": ensure => present, source => ""puppet:///modules/rack/config.ru"", mode => 0644, owner => puppet, group => root, }",CWE-732,1
request-428,$ping_host_list = $network_scheme['endpoints'][$public_iface]['gateway'],CWE-20,1
request-429,,,0
request-430,"$public_url = 'http://127.0.0.1:9511/v1', $admin_url = 'http://127.0.0.1:9511/v1', $internal_url = 'http://127.0.0.1:9511/v1',",CWE-319,1
request-431,,,0
request-432,"wgeventloggingbaseuri => '//localhost:8080/event.gif',",CWE-601,1
request-433,'c:/windows/profile.d',CWE-276,1
request-433,'c:/windows/profile.puppet.d',CWE-276,1
request-434,'ml2_cisco/host_key_checks' : value => $host_key_checks;,CWE-295,1
request-435,,,0
request-436,"$public_url = 'http://127.0.0.1:8041', $internal_url = 'http://127.0.0.1:8041', $admin_url = 'http://127.0.0.1:8041'",CWE-319,1
request-437,"file { $pers_cfg_file:
  ensure  => file,
  content => template('monasca/persister-config.yml.erb'),
  mode    => '0644',
  owner   => $pers_user,
  group   => $::monasca::group,
  require => [user[$pers_user], group[$::monasca::group], file[$::monasca::log_dir]],
}",CWE-732,1
request-438,,,0
request-439,,,0
request-440,,,0
request-441,"apt::source { 'openstack': location => 'http://ubuntu-cloud.archive.canonical.com/ubuntu', release => ""${::lsbdistcodename}-updates/${os_release}"", repos => 'main', key => 'ecd76e3e', key_server => 'keyserver.ubuntu.com', include_src => false, }",CWE-494,1
request-442,'default/ha_vrrp_auth_type': value => $ha_vrrp_auth_type; 'default/ha_vrrp_auth_password': value => $ha_vrrp_auth_password;,CWE-522,1
request-443,,,0
request-444,"else { openstack::ha::haproxy_service { $grafana_haproxy_service: order => '801', internal_virtual_ip => hiera('lma::grafana::vip'), listen_port => $grafana_frontend_port, balancermember_port => $grafana_port, ipaddresses => $grafana_nodes_ips, server_names => $grafana_nodes_names, haproxy_config_options => { 'option' => ['httplog', 'dontlog-normal'], 'balance' => 'source', 'mode' => 'http', }, } }",CWE-319,1
request-445,,,0
request-446,"file { $service_home : ensure => directory, owner => '0', group => '0', mode => '0644', }",CWE-732,1
request-446,"file { '/etc/qpid-dispatch' : ensure => directory, owner => '0', group => '0', mode => '0644', }",CWE-732,1
request-446,"file { $log_output : ensure => file, owner => '0', group => '0', mode => '0666', }",CWE-732,1
request-447,database_connection => 'mysql://gnocchi:secrete@10.0.0.1/gnocchi?charset=utf8',CWE-522,1
request-447,"admin_url => 'http://10.0.0.1:8041', internal_url => 'http://10.0.0.1:8041', public_url => 'http://10.0.0.1:8041'",CWE-319,1
request-448,$database_connection = 'sqlite:////var/lib/neutron/ovs.sqlite',CWE-359,1
request-449,,,0
request-450,$repo_setup = hiera('repo_setup') url_available($repo_setup['repos']),CWE-829,1
request-451,,,0
request-452,"$log_dir = '/var/log/ec2api', $log_file = '/var/log/ec2api/ec2api.log'",CWE-732,1
request-453,,,0
request-454,'default/firewall_driver': value => 'nova.virt.firewall.noopfirewalldriver';,CWE-284,1
request-455,"$pers_fetch_url = ""http://${blobmirror}/repos/monasca/monasca_persister""
wget::fetch { ""${pers_fetch_url}/${mon_pers_build_ver}/${mon_pers_deb}"":
  destination => $latest_pers_deb,
  timeout => 300,
  before => [package['install-persister'], file[$latest_pers_deb]],
}",CWE-319,1
request-456,,,0
request-457,,,0
request-458,"if str2bool(hiera('nova::use_ipv6', false)) { $vncserver_listen = '::0' } else { $vncserver_listen = '0.0.0.0' }",CWE-200,1
request-459,"if ($tls_cacertdir != undef) { ensure_resource('file', $tls_cacertdir, { ensure => directory }) }",CWE-732,1
request-460,,,0
request-461,$auth_url = 'http://localhost:35357',CWE-319,1
request-461,$auth_uri = 'http://localhost:5000',CWE-319,1
request-462,"define vmware::cinder::vmdk( $vc_insecure = true, ... )",CWE-295,1
request-462,"file { $vcenter_ca_filepath: ensure => file, content => $vcenter_ca_content, mode => '0644', owner => 'root', group => 'root', }",CWE-200,1
request-463,,,0
request-464,"$public_url = 'http://127.0.0.1:9494', $admin_url = 'http://127.0.0.1:9494', $internal_url = 'http://127.0.0.1:9494',",CWE-319,1
request-465,"class { '::glance::backend::swift': swift_store_user => 'demo', swift_store_key => 'secrete', multi_store => true, }",CWE-798,1
request-465,"class { '::glance::api': keystone_password => 'a_big_secret', stores => ['file', 'swift'], default_store => 'swift', multi_store => true, }",CWE-798,1
request-466,,,0
request-467,,,0
request-468,,,0
request-469,,,0
request-470,content => template('haproxy/haproxy_balancermember.erb'),CWE-706,1
request-471,$privileges = 'all',CWE-266,1
request-472,"file { [""/tmp/arraytrailingcomma1"",""/tmp/arraytrailingcomma2"", ]: content => ""tmp"" }",CWE-379,1
request-473,$rabbit_password = 'guest',CWE-798,1
request-473,$auth_strategy = 'noauth',CWE-306,1
request-473,$designate_db_password = 'admin',CWE-798,1
request-474,"""os_password=${os_password}""",CWE-522,1
request-474,$os_auth_url = 'http://127.0.0.1:5000/v2.0/',CWE-319,1
request-475,"if $username and $password { $auth_basic_option = ""-a \""${username}\"":\""${password}\"""" } else { $auth_basic_option = '' }",CWE-522,1
request-476,,,0
request-477,$database_connection = 'mysql://magnum:magnum@localhost:3306/magnum',CWE-798,1
request-478,,,0
request-479,"file {'/tmp/manila_master': ensure => file, content => 'i am the file', }",CWE-377,1
request-480,,,0
request-481,mode => '0755';,CWE-732,1
request-482,"openstack::ha::haproxy_service { 'glance-registry': order => '090', listen_port => 9191, haproxy_config_options => { 'timeout' => 'server 11m', }, }",CWE-319,1
request-483,"exec { ""create_${volume_path}/${volume_name}"": command => ""dd if=/dev/zero of=\""${volume_path}/${volume_name}\"" bs=1 count=0 seek=${size}"", path => ['/bin','/usr/bin','/sbin','/usr/sbin'], unless => ""stat ${volume_path}/${volume_name}"", }",CWE-78,1
request-484,"define pacemaker::resource::ocf( $ensure = 'present', $ocf_agent_name = $name, $resource_params = '', $meta_params = '', $op_params = '', $clone_params = undef, $group_params = undef, $master_params = undef, $post_success_sleep = 0, $tries = 1, $try_sleep = 0, $verify_on_create = false, ) { pcmk_resource { $name: ensure => $ensure, resource_type => ""ocf:${ocf_agent_name}"", resource_params => $resource_params, meta_params => $meta_params, op_params => $op_params, clone_params => $clone_params, group_params => $group_params, master_params => $master_params, post_success_sleep => $post_success_sleep, tries => $tries, try_sleep => $try_sleep, verify_on_create => $verify_on_create, require => exec['wait-for-settle'], } }",CWE-78,1
request-485,,,0
request-486,'api/host': value => $host;,CWE-200,1
request-487,"pacemaker::property { 'disable stonith': property => 'stonith-enabled', value => false, }",CWE-284,1
request-488,"firewall { '000 accept all icmp requests': proto => 'icmp', action => 'accept', }",CWE-284,1
request-489,"package { ""nodejs"": ensure => '0.10.21-1chl1~precise1';",CWE-494,1
request-490,,,0
request-491,"file { $conf_sentinel_orig: content => template('redis/sentinel.conf.erb'), owner => root, group => root, mode => '0644', require => package['redis'], }",CWE-276,1
request-492,'quotas/default_quota': value => '-1'; 'quotas/quota_network': value => '-1'; 'quotas/quota_subnet': value => '-1'; 'quotas/quota_port': value => '-1'; 'quotas/quota_security_group': value => '-1'; 'quotas/quota_security_group_rule': value => '-1'; 'quotas/quota_router': value => '-1'; 'quotas/quota_floatingip': value => '-1';,CWE-770,1
request-493,'default/dhcpbridge': value => $dhcpbridge;,CWE-426,1
request-494,"$log_dir = '/var/log/barbican', $log_file = '/var/log/barbican/api.log'",CWE-732,1
request-495,"openstack::ha::haproxy_service { 'horizon': order => '015', listen_port => 80, server_names => undef, ipaddresses => undef, haproxy_config_options => { 'option' => 'http-buffer-request', 'timeout' => 'http-request 10s', 'redirect' => 'scheme https if !{ ssl_fc }' }, }",CWE-284,1
request-495,"openstack::ha::haproxy_service { 'horizon': order => '015', listen_port => 80, define_cookies => true, haproxy_config_options => { 'option' => ['forwardfor', 'httpchk', 'httpclose', 'httplog', 'http-buffer-request'], 'timeout' => ['client 3h', 'server 3h', 'http-request 10s'], 'rspidel' => '^set-cookie:\ ip=', 'balance' => 'source', 'mode' => 'http', 'cookie' => 'serverid insert indirect nocache', 'capture' => 'cookie vgnvisitor= len 32', }, balancermember_options => 'check inter 2000 fall 3', }",CWE-614,1
request-496,"exec { 'haproxy-reload': command => 'systemctl reload haproxy', path => ['/usr/bin', '/usr/sbin'], refreshonly => true, onlyif => 'pcs property | grep -q ""maintenance-mode.*true""', subscribe => class['::haproxy'] }",CWE-78,1
request-497,"ini_setting { 'bgp_password': ensure => present, setting => 'password', value => 'sdncbgpc', path => $config_path, key_val_separator => ' ', require => package['opnfv-quagga'], notify => service['opnfv-quagga'] }",CWE-798,1
request-498,,,0
request-499,"'netns.udp.listen': key => 'netns.udp.listen[*]', command => '/usr/bin/sudo /etc/zabbix/scripts/netns.listen.sh udp $1 $2 $3';",CWE-250,1
request-500,,,0
request-501,$policy_path = '/etc/ironic/policy.json',CWE-276,1
request-502,,,0
request-503,$privileges = 'all',CWE-266,1
request-504,"file { ensure => file, owner => 'root', group => 'root', mode => '0644', }",CWE-732,1
request-505,,,0
request-506,"file { '/root/switch-ssmtp-postfix': content => ""erase ssmtp\ninstall postfix\nrun\n""; }",CWE-276,1
request-507,"file { ""/etc/profile.d/${script_file}.sh"": ensure => $ensure, content => $content, source => $source, }",CWE-732,1
request-508,"$puppet_version = ""3.7.0""",CWE-1104,1
request-509,,,0
request-510,"command => ""nova-manage db archive_deleted_rows --max_rows ${max_rows} >>${destination} 2>&1""",CWE-78,1
request-511,,,0
request-512,"file {'/etc/n1kv/n1kv.conf': ensure => present, owner => 'root', group => 'root', mode => '0664', content => template('neutron/n1kv.conf.erb'), require => file['/etc/n1kv'], }",CWE-276,1
request-512,"file { $vemtgtimg: owner => 'root', group => 'root', mode => '0664', source => ""puppet:///modules/neutron/${n1kv_source}"", require => file['/var/n1kv'], }",CWE-276,1
request-513,,,0
request-514,,,0
request-515,trove_conductor_config { 'default/nova_proxy_admin_pass': value => $::trove::nova_proxy_admin_pass; },CWE-522,1
request-516,,,0
request-517,,,0
request-518,"exec { 'waiting-for-neutron-api': environment => [ ""os_tenant_name=${auth_tenant}"", ""os_username=${auth_user}"", ""os_password=${auth_password}"", ""os_auth_url=${auth_url}"", ""os_region_name=${auth_region}"", ""os_endpoint_type=${auth_endpoint_type}"", ], path => '/usr/sbin:/usr/bin:/sbin:/bin', tries => '30', try_sleep => '4', command => 'neutron net-list --http-timeout=4 2>&1 > /dev/null', provider => 'shell', subscribe => service['neutron-server'], refreshonly => true, }",CWE-522,1
request-519,"$api_db_password = undef, ... $admin_password = undef, ... $agent_password = undef, ... $user_password = undef, ... $sql_password = undef, ... $pers_db_password = undef,",CWE-798,1
request-520,"""${nagios::params::nagios_plugin_dir}/check_ssh '\$_host${var_name}\$'""",CWE-78,1
request-521,"notify {""${name} ::: tenant ${netdata['tenant']}"":}",CWE-532,1
request-522,,,0
request-523,"apt::source { 'openstack-apt-repo': location => $location, key => $key, key_source => $key_source, include_src => $include_src, }",CWE-494,1
request-524,wgoauthauthenticationconsumersecret => $consumer_secret,CWE-522,1
request-525,,,0
request-526,"firewall {'215 odl': port => [ $opendaylight::rest_api_port, 6633, 6640, 6653, $jetty_port, 8101], proto => 'tcp', action => 'accept', }",CWE-284,1
request-527,,,0
request-528,"""${users::builder::home}/.xsessionrc"": content => ""desktop_session=ubuntu\n"", owner => $::users::builder::username, group => $::users::builder::group, mode => 0644, notify => service['x11'];",CWE-276,1
request-529,include disableservices::iptables,CWE-284,1
request-530,password_hash => mysql_password($password),CWE-311,1
request-531,"$influxcreds = ""${root}/.influxcreds""",CWE-538,1
request-532,file { $semaphore_dir: ensure => directory; },CWE-732,1
request-533,"'oslo_messaging_rabbit/rabbit_password' : value => $rabbit_password, secret => true;",CWE-798,1
request-533,$rabbit_password = '',CWE-798,1
request-534,"firewall {'502 midonet api': port => '8081', proto => 'tcp', action => 'accept', }",CWE-284,1
request-535,,,0
request-536,,,0
request-537,"service { $vip_name: ensure => 'running', enable => true, }",CWE-306,1
request-538,$filters_dir = '/etc/nova/rootwrap.d',CWE-276,1
request-538,$mlnx_agent_conf = '/etc/neutron/plugins/mlnx/mlnx_conf.ini',CWE-276,1
request-539,glance_registry_config { 'default/cert_file': value => $cert_file; 'default/key_file': value => $key_file; 'default/ca_file': value => $ca_file; },CWE-319,1
request-540,,,0
request-541,"'stats' => ['enable', 'uri /', 'refresh 5s', 'show-node', 'show-legends', 'hide-version']",CWE-306,1
request-542,"command => ""/usr/local/bin/mwscript createandpromote.php \ --wiki='${wiki}' '${canonical_username}' '${password}'""",CWE-78,1
request-543,,,0
request-544,,,0
request-545,"exec { 'prov_database_node': command => ""python /opt/contrail/utils/provision_database_node.py \ --api_server_ip ${contrail::contrail_mgmt_vip} --api_server_port 8082 \ --oper add --host_name ${::fqdn} --host_ip ${contrail::address} \ --admin_user '${contrail::neutron_user}' --admin_tenant_name '${contrail::service_tenant}' --admin_password '${contrail::service_token}' \ && touch /opt/contrail/prov_database_node-done"", creates => '/opt/contrail/prov_database_node-done', }",CWE-522,1
request-546,$netapp_transport_type = 'http',CWE-319,1
request-547,"nrpe_command => ""/usr/lib/nagios/plugins/check_procs -c 1:1 -c java --ereg-argument-array 'kafka.tools.mirrormaker.+/etc/kafka/mirror/${title}/producer\.properties'""",CWE-78,1
request-547,"nrpe_command => '/usr/lib/nagios/plugins/check_procs -c 1:1 -c java --ereg-argument-array ""-jar.+jmxtrans-all.jar""'",CWE-78,1
request-548,"file { ""${slaverebooter::settings::config}"": require => python::virtualenv[""${basedir}""], owner => ""${users::builder::username}"", group => ""${users::builder::group}"", content => template(""slaverebooter/slaverebooter.ini.erb""); }",CWE-732,1
request-549,,,0
request-550,"shared::execonce { $zip : command => ""$quoted_7zip x $installersource_win\\zips\\$zip -o$target_dir -y"", require => [file[""$installersource_posix/zips/$zip""], class[""packages::7z920""] ]; }",CWE-78,1
request-551,"file { $script: ensure => file, content => template('monasca/persister-startup-script.erb'), mode => '0755', owner => 'root', group => 'root', }",CWE-732,1
request-552,"concat { $service_pem : ensure => present, mode => '0640', owner => 'haproxy', group => 'haproxy', }",CWE-266,1
request-553,password_hash => mysql_password($password),CWE-328,1
request-554,,,0
request-555,,,0
request-556,"openstacklib::policy::base { file_path => $policy_path, ... }",CWE-276,1
request-557,,,0
request-558,,,0
request-559,,,0
request-560,"class trove::policy ( $policies = {}, $policy_path = '/etc/trove/policy.json', ) { ... openstacklib::policy::base { file_path => $policy_path, } ... }",CWE-276,1
request-561,,,0
request-562,"exec { ""create-${name}"": command => ""/bin/true set -ex ceph osd pool create ${name} ${pg_num}"", unless => ""/bin/true set -ex ceph osd lspools | grep ' ${name},'"", timeout => $exec_timeout, }",CWE-78,1
request-562,"exec { ""set-${name}-pg_num"": command => ""/bin/true set -ex ceph osd pool set ${name} pg_num ${pg_num}"", unless => ""/bin/true set -ex test $(ceph osd pool get ${name} pg_num | sed 's/.*:\s*//g') -ge ${pg_num}"", require => exec[""create-${name}""], timeout => $exec_timeout, }",CWE-78,1
request-562,"exec { ""set-${name}-pgp_num"": command => ""/bin/true set -ex ceph osd pool set ${name} pgp_num ${pgp_num}"", unless => ""/bin/true set -ex test $(ceph osd pool get ${name} pgp_num | sed 's/.*:\s*//g') -ge ${pgp_num}"", require => exec[""create-${name}""], timeout => $exec_timeout, }",CWE-78,1
request-562,"exec { ""set-${name}-size"": command => ""/bin/true set -ex ceph osd pool set ${name} size ${size}"", unless => ""/bin/true set -ex test $(ceph osd pool get ${name} size | sed 's/.*:\s*//g') -eq ${size}"", require => exec[""create-${name}""], timeout => $exec_timeout, }",CWE-78,1
request-562,"exec { ""delete-${name}"": command => ""/bin/true set -ex ceph osd pool delete ${name} ${name} --yes-i-really-really-mean-it"", onlyif => ""/bin/true set -ex ceph osd lspools | grep ${name}"", timeout => $exec_timeout, }",CWE-78,1
request-563,"class cinder::volume::nexenta ( $nexenta_user, $nexenta_password, ... ) { ... cinder::backend::nexenta { 'default': nexenta_user => $nexenta_user, nexenta_password => $nexenta_password, ... } }",CWE-522,1
request-564,"file { '/tmp/mn-cluster_config.sh': ensure => present, content => template('midonet/cluster/mn-cluster_config.sh.erb'), } -> exec { '/bin/bash /tmp/mn-cluster_config.sh': }",CWE-78,1
request-564,"file { 'analytics_settings_script': ensure => present, path => '/tmp/analytics_settings.sh', content => template('midonet/analytics/analytics_settings.sh.erb'), } -> exec { '/bin/bash /tmp/analytics_settings.sh': }",CWE-78,1
request-565,"class cinder::rabbitmq( $userid = 'guest', $password = 'guest', $virtual_host = '/', )",CWE-798,1
request-565,"rabbitmq_user_permissions { ""${userid}@${virtual_host}"": configure_permission => '.*', write_permission => '.*', read_permission => '.*', provider => 'rabbitmqctl', }",CWE-732,1
request-566,$rabbit_password = $::os_service_default,CWE-798,1
request-566,$amqp_password = $::os_service_default,CWE-798,1
request-567,,,0
request-568,,,0
request-569,"$requireall = $::macosx_productversion_major ? { 10.10 => ""require all granted"", default => """" }",CWE-284,1
request-570,'default/bind_host': value => $bind_host;,CWE-200,1
request-571,class { '::swift::proxy::cache': memcache_servers => $swift_memcache_servers },CWE-287,1
request-572,,,0
request-573,$vcenter_insecure = 'true',CWE-295,1
request-574,"file { ""/builds/logs"" : ensure => directory, owner => ""root"", group => ""$users::root::group"", mode => 0755; }",CWE-732,1
request-575,,,0
request-576,,,0
request-577,restart => 'sleep 30 && apachectl graceful || apachectl restart',CWE-78,1
request-578,"class { 'fuel::puppetsync': bind_address => $::fuel_settings['admin_network']['ipaddress'], }",CWE-200,1
request-579,"file { $afd_filename:
  ensure  => present,
  content => template('lma_collector/lma_alarms.lua.erb'),
  notify  => class['lma_collector::service::metric'],
}",CWE-434,1
request-580,,,0
request-581,"target_dir => '""c:\mozilla-build\""';",CWE-732,1
request-582,,,0
request-583,"""$runner::settings::task_hook"": before => service['runner'], mode => '0755', source => 'puppet:///modules/runner/influxdb_hook.py';",CWE-732,1
request-584,$database_connection = 'sqlite:///var/lib/glance/glance.sqlite',CWE-359,1
request-585,"phabricator::config { 'mysql.pass': value => $::mysql::root_password, }",CWE-798,1
request-585,"phabricator::config { 'security.require-https': value => false, }",CWE-319,1
request-585,"file { $log_dir: ensure => 'directory', mode => '0777', }",CWE-732,1
request-586,"$public_url = 'http://127.0.0.1:8776/v1/%(tenant_id)s', $internal_url = 'http://127.0.0.1:8776/v1/%(tenant_id)s', $admin_url = 'http://127.0.0.1:8776/v1/%(tenant_id)s', $public_url_v2 = 'http://127.0.0.1:8776/v2/%(tenant_id)s', $internal_url_v2 = 'http://127.0.0.1:8776/v2/%(tenant_id)s', $admin_url_v2 = 'http://127.0.0.1:8776/v2/%(tenant_id)s', $public_url_v3 = 'http://127.0.0.1:8776/v3/%(tenant_id)s', $internal_url_v3 = 'http://127.0.0.1:8776/v3/%(tenant_id)s', $admin_url_v3 = 'http://127.0.0.1:8776/v3/%(tenant_id)s'",CWE-319,1
request-587,"shellprofile::file { ""mozpool_path"": content => ""export path=\$path:${mozpool::settings::root}/frontend/bin""; }",CWE-494,1
request-588,"if $user { $heka_user = $user } else { $heka_user = $heka::params::user } ... $run_as_root = $heka_user == 'root' if $run_as_root { $_run_as_root = $run_as_root } else { $_run_as_root = $heka::params::run_as_root } ... if ! defined(user[$heka_user]) { user { $heka_user: shell => $heka::params::nologin_bin, home => $base_dir, system => true, groups => $_additional_groups, alias => 'heka', before => package['heka'], } }",CWE-250,1
request-589,"mysql::sql { ""${command} database ${dbname} ${options}"": unless => ""select ${unless}(select * from information_schema.schemata where schema_name = '${dbname}')"", }",CWE-89,1
request-590,,,0
request-591,"file { '/root/.ssh/config': source => 'puppet:///modules/backup/ssh-config', }",CWE-276,1
request-592,class mysql::server {},CWE-306,1
request-593,,,0
request-594,"""/opt/bmm/www/squashfs"": recurse => true, purge => true, source => [ ""puppet:///bmm/squashfs"", ""puppet:///bmm/private/squashfs"" ], sourceselect => all, ensure => directory, show_diff => false;",CWE-732,1
request-594,"""/opt/bmm/www/artifacts"": recurse => true, purge => true, source => [ ""puppet:///bmm/artifacts"", ""puppet:///bmm/private/artifacts"" ], sourceselect => all, ensure => directory, show_diff => false;",CWE-732,1
request-595,"$puppet_server_reports = ""http""
$puppet_server_reporturl = ""http://foreman.pvt.build.mozilla.org:3001/""
$puppet_server_facturl = ""http://foreman.pvt.build.mozilla.org:3000/""",CWE-319,1
request-595,'slavealloc_api_url' => 'http://slavealloc.pvt.build.mozilla.org/api/',CWE-319,1
request-595,'moco_ldap_uri' => 'ldap://ldap.db.scl3.mozilla.com/',CWE-319,1
request-596,"rsync::get { ""/etc/swift/${name}.ring.gz"": source => ""rsync://${ring_server}/swift_server/${name}.ring.gz"", }",CWE-319,1
request-597,,,0
request-598,,,0
request-599,,,0
request-600,"listen_ports => hiera_array('apache_ports', ['0.0.0.0:80'])",CWE-200,1
request-601,$privileges = 'all',CWE-266,1
request-602,,,0
request-603,'default/dhcpbridge': value => $dhcpbridge;,CWE-426,1
request-604,,,0
request-605,$swift_key = 'admin',CWE-798,1
request-605,$swift_user = 'admin:admin',CWE-798,1
request-606,,,0
request-607,"cobbler_digest_user { $cobbler_user: password => $cobbler_password, require => package[$::cobbler::packages::cobbler_package], notify => service[$::cobbler::server::cobbler_service], }",CWE-259,1
request-608,"class { '::nova':
  ...
  rabbit_password => $amqp_password,
  ...
}

$amqp_password = $rabbit_hash['password']",CWE-522,1
request-608,"class { '::nova::api':
  ...
  admin_password => $nova_hash['user_password'],
  ...
}
",CWE-522,1
request-608,"class { '::nova::ironic::common':
  ...
  admin_password => pick($ironic_hash['user_password'],'ironic'),
  ...
}
",CWE-522,1
request-609,,,0
request-610,"bind_host => $bind_host,  # where $bind_host can be '0.0.0.0' or '::0'",CWE-200,1
request-610,"cert_file => false, key_file => false, ca_file => false,",CWE-319,1
request-611,,,0
request-612,"tripleo::firewall::rule{ '001 accept all icmp': proto => 'icmp', extras => $firewall_settings, }",CWE-284,1
request-613,,,0
request-614,"command => ""/usr/sbin/ip link set dev $(ip -o link | grep ${mac_address} | awk '{print \$2}' | tr -d ':') up""",CWE-78,1
request-615,$log_dir = '/var/log/ironic-inspector',CWE-732,1
request-616,"file { ""${template_dir}/template_${name}_vm.xml"": owner => 'root', group => 'root', content => template('osnailyfacter/vm_libvirt.erb'), }",CWE-22,1
request-617,"exec { $ceph_prepare: command => ""/bin/true set -ex if ! test -b ${data} ; then mkdir -p ${data} if getent passwd ceph >/dev/null 2>&1; then chown -h ceph:ceph ${data} fi fi ceph-disk prepare ${cluster_option} ${data} ${journal} udevadm settle "", unless => ""/bin/true set -ex ceph-disk list | grep -e ' *${data}1? .*ceph data, (prepared|active)' || { test -f ${data}/fsid && test -f ${data}/ceph_fsid && test -f ${data}/magic ;} "", logoutput => true, timeout => $exec_timeout, }",CWE-78,1
request-617,"exec { $ceph_activate: command => ""/bin/true set -ex if ! test -b ${data} ; then mkdir -p ${data} if getent passwd ceph >/dev/null 2>&1; then chown -h ceph:ceph ${data} fi fi if ! test -b ${data} || ! test -b ${data}1 ; then ceph-disk activate ${data} || true fi if test -f ${udev_rules_file}.disabled && test -b ${data}1 ; then ceph-disk activate ${data}1 || true fi "", unless => ""/bin/true set -ex ls -ld /var/lib/ceph/osd/${cluster_name}-* | grep ' ${data}\$' "", logoutput => true, }",CWE-78,1
request-617,"exec { ""remove-osd-${name}"": command => ""/bin/true set -ex if [ -z \""$id\"" ] ; then id=$(ceph-disk list | sed -nee 's:^ *${data}1? .*(ceph data|mounted on).*osd\.([0-9]+).*:\2:p') fi if [ -z \""$id\"" ] ; then id=$(ls -ld /var/lib/ceph/osd/${cluster_name}-* | sed -nee 's:.*/${cluster_name}-([0-9]+) *-> *${data}\$:\1:p' || true) fi if [ \""$id\"" ] ; then stop ceph-osd cluster=${cluster_name} id=$id || true service ceph stop osd.$id || true systemctl stop ceph-osd@$id || true ceph ${cluster_option} osd crush remove osd.$id ceph ${cluster_option} auth del osd.$id ceph ${cluster_option} osd rm $id rm -fr /var/lib/ceph/osd/${cluster_name}-$id${cluster_name}-([0-9]+) *-> *${data}\$:\1:p' || true) fi if [ \""$id\"" ] ; then test ! -d /var/lib/ceph/osd/${cluster_name}-$id else true fi "", logoutput => true, timeout => $exec_timeout, }",CWE-78,1
request-618,"firewall { '998 lma': port => [$aggregator_port, $check_port], source => $management_network, destination => $mgmt_address, proto => 'tcp', action => 'accept', }",CWE-284,1
request-619,,,0
request-620,"file { ""/etc/glance/rootwrap.conf"": ensure => $ensure, source => ""puppet:///modules/scaleio_fuel/glance_rootwrap.conf"", mode => '0755', owner => 'root', group => 'root', }",CWE-732,1
request-621,$log_dir = '/var/log/rally',CWE-732,1
request-622,,,0
request-623,,,0
request-624,"package { [""libevent"", ""libevent-devel""]: ensure => latest; }",CWE-829,1
request-625,"file { ""/tools/buildbot"": ensure => ""link"", target => ""$virtualenv_path""; }",CWE-732,1
request-626,"package {'pycrypto': ensure => 'installed', provider => 'pip', }",CWE-829,1
request-627,"$public_url = 'http://127.0.0.1:8999', $internal_url = 'http://127.0.0.1:8999', $admin_url = 'http://127.0.0.1:8999',",CWE-319,1
request-628,"host { ensure => present, target => $hosts_file }",CWE-276,1
request-629,$listen_ip_address = '0.0.0.0',CWE-200,1
request-630,"cron { 'ceilometer-expirer': command => $ceilometer::params::expirer_command, environment => 'path=/bin:/usr/bin:/usr/sbin shell=/bin/sh', user => 'ceilometer', minute => $minute, hour => $hour, monthday => $monthday, month => $month, weekday => $weekday }",CWE-78,1
request-631,'database/connection': value => $connection;,CWE-522,1
request-631,$password = $::os_service_default,CWE-798,1
request-631,$admin_password = $::os_service_default,CWE-798,1
request-631,$l2gateway_sw_password = $::os_service_default,CWE-798,1
request-631,$metadata_proxy_shared_secret = $::os_service_default,CWE-798,1
request-632,"resources { 'neutron_vpnaas_agent_config': purge => $purge_config, }",CWE-284,1
request-633,"command => ""/usr/bin/curl -sl -w \""%{http_code}\"" \ -h 'content-type: application/json' -x post -d '${kibana_link_data}' \ http://${master_ip}:8000/api/clusters/${deployment_id}/plugin_links \ -o /dev/null | /bin/grep 201 && touch ${kibana_link_created_file}"",",CWE-918,1
request-633,"command => ""/usr/bin/curl -sl -w \""%{http_code}\"" \ -h 'content-type: application/json' -x post -d '${kibana_link_viewer_data}' \ http://${master_ip}:8000/api/clusters/${deployment_id}/plugin_links \ -o /dev/null | /bin/grep 201 && touch ${kibana_viewer_link_created_file}"",",CWE-918,1
request-634,"ensure_packages(['dnsmasq'], {'ensure' => 'present'})",CWE-284,1
request-635,,,0
request-636,"file { ""$file"": source => ""puppet:///modules/python/pip-check.py"", owner => root, group => $::users::root::group, mode => filemode(0644), require => class[""python::misc_python_dir""]; }",CWE-732,1
request-637,$auth_url = 'http://localhost:5000',CWE-319,1
request-638,"file { ""/tmp/singleselector1"": ensure => file, mode => $mode1 }",CWE-732,1
request-638,"file { ""/tmp/singleselector2"": ensure => file, mode => $mode2 }",CWE-732,1
request-638,"file { ""/tmp/singleselector3"": ensure => file, mode => $mode3 }",CWE-732,1
request-639,$log_dir = '/var/log/murano',CWE-732,1
request-640,'cfapi/auth_url': value => $auth_url;,CWE-319,1
request-641,"""socket"" => ""\""${socket}\""""",CWE-78,1
request-642,"file { '/etc/jobrunner.json': content => template('mediawiki/jobrunner.json.erb'), owner => 'root', group => 'root', mode => '0444', notify => [ service['jobrunner'], service['jobchron'], ] }",CWE-552,1
request-643,"exec { 'net.ipv4.ip_nonlocal_bind': command => '/sbin/sysctl -w net.ipv4.ip_nonlocal_bind=1', unless => '/sbin/sysctl -n net.ipv4.ip_nonlocal_bind | /bin/grep 1', }",CWE-250,1
request-644,"mediawiki::maintenance { 'check ores model versions': command => '/usr/local/bin/mwscript extensions/ores/maintenance/checkmodelversions.php --wiki=wiki', unless => '/usr/bin/mysql -e ""select * from ores_model"" wiki | /bin/grep -q ""damaging""', require => mediawiki::extension['ores'] }",CWE-78,1
request-645,"'nodejs' => 'sudo rm -rf node_modules && npm install --no-bin-links',",CWE-732,1
request-646,"class { '::cdh::oozie::server': db_root_password => $::mysql::root_password, }",CWE-798,1
request-647,"class zaqar::policy ( $policies = {}, $policy_path = '/etc/zaqar/policy.json', ) { ... }",CWE-276,1
request-648,"class mysql( $root_password = 'vagrant', ... )",CWE-798,1
request-649,,,0
request-650,,,0
request-651,,,0
request-652,"$public_url = 'http://127.0.0.1:9311', $internal_url = 'http://127.0.0.1:9311', $admin_url = 'http://127.0.0.1:9311'",CWE-319,1
request-653,$database_connection = 'sqlite:///var/lib/glance/glance.sqlite',CWE-359,1
request-654,"$cross_domain_policy = '<allow-access-from domain=""*"" secure=""false"" />'",CWE-942,1
request-655,"rabbitmq_user { $userid: admin => true, password => $password, provider => 'rabbitmqctl', }",CWE-798,1
request-655,"rabbitmq_user_permissions { ""${userid}@${virtual_host}"": configure_permission => '.*', write_permission => '.*', read_permission => '.*', provider => 'rabbitmqctl', }",CWE-732,1
request-656,"file { ""${config_dir}/output-${title}.toml"": ensure => $ensure, content => template('heka/output/smtp.toml.erb'), mode => '0600', owner => $heka::params::user, group => $heka::params::user, }",CWE-266,1
request-657,,,0
request-658,"file { ""$api_key_path/mozilla-api.key"": content => secret(""mozilla_fennec_geoloc_api_key""), mode => 0644, show_diff => false; ""$api_key_path/mozilla-fennec-geoloc-api.key"": content => secret(""mozilla_fennec_geoloc_api_key""), mode => 0644, show_diff => false; ""$api_key_path/mozilla-desktop-geoloc-api.key"": content => secret(""mozilla_desktop_geoloc_api_key""), mode => 0644, show_diff => false; }",CWE-732,1
request-659,"command => ""/usr/bin/curl -sl -w \""%{http_code}\"" \ -h 'content-type: application/json' -x post -d '${contrail_link_data}' \ http://${master_ip}:8000/api/clusters/${deployment_id}/plugin_links \ -o /dev/null | /bin/grep 201 && /usr/bin/touch ${contrail_link_created_file}"",",CWE-78,1
request-660,$keystone_ec2_uri = 'http://127.0.0.1:5000/v2.0/ec2tokens',CWE-319,1
request-661,,,0
request-662,'serial_console/base_url': value => $base_url;,CWE-319,1
request-663,"exec { ""git_install_reset_${title}"": command => '/usr/bin/git clean -d --force & /usr/bin/git checkout -- .', cwd => $directory, user => $owner, unless => ""/usr/bin/git diff head..${commit} --exit-code"", notify => exec[""git_install_checkout_${title}""], require => git::clone[$title], }",CWE-78,1
request-664,,,0
request-665,"file { ['/etc/libvirt/qemu/networks/autostart/default.xml', '/etc/libvirt/qemu/networks/default.xml']: ensure => absent, before => service['libvirt'], }",CWE-732,1
request-666,$ironic_wsgi_script_source = '/usr/lib/python2.7/site-packages/ironic/api/app.wsgi',CWE-1035,1
request-666,$ironic_wsgi_script_source = '/usr/lib/python2.7/dist-packages/ironic/api/app.wsgi',CWE-1035,1
request-667,"file { $hiera_file: ensure => file, content => $calculated_content, }",CWE-359,1
request-667,$calculated_content = inline_template('... lma::infrastructure_alerting::authnz: password: <%= @password %> ... ldap_bind_password: <%= @ldap_bind_password %> ... kibana_password: <%= @kibana_password %> ...'),CWE-256,1
request-668,"file { backup => false, }",CWE-732,1
request-669,"class { '::openstack_integration::keystone': token_provider => 'fernet', }",CWE-306,1
request-669,"if ($::operatingsystem == 'ubuntu') and (versioncmp($::operatingsystemmajrelease, '16') >= 0) { $ssl_enabled = false $trove_enabled = false } else { $ssl_enabled = true $trove_enabled = true }",CWE-319,1
request-670,"exec { 'smashpig_schema': command => ""/usr/bin/mysql -uroot -p${mysql::root_password} smashpig -qfsa < ${dir}/schema/001_creatependingtable.sql"", unless => ""/usr/bin/mysql -uroot -p${mysql::root_password} smashpig -qfsane \""select 1 from smashpig.pending\"" | /usr/bin/tail -1 | /bin/grep -q 1"", require => [ git::clone['wikimedia/fundraising/smashpig'], mysql::db['smashpig'], ], }",CWE-798,1
request-671,,,0
request-672,$root_helper = 'sudo neutron-rootwrap /etc/neutron/rootwrap.conf',CWE-269,1
request-673,$password = false,CWE-798,1
request-673,"public_url => 'http://127.0.0.1:8000/v1', admin_url => 'http://127.0.0.1:8000/v1', internal_url => 'http://127.0.0.1:8000/v1',",CWE-319,1
request-674,,,0
request-675,"'oslo_messaging_rabbit/rabbit_password' => { value => $rabbit_password, secret => true }",CWE-522,1
request-675,'oslo_messaging_rabbit/rabbit_use_ssl' => { value => $rabbit_use_ssl },CWE-319,1
request-676,"file { $cfg_file: ensure => present, group => 'www-data', content => template('swift/ring.conf.erb'), mode => '0644', notify => exec[""${ring_type}/create_ring""], }",CWE-732,1
request-677,,,0
request-678,,,0
request-679,"$db_password = pick($ironic_hash['password'], 'ironic')",CWE-798,1
request-679,"$ironic_user_password = pick($ironic_hash['password'],'ironic')",CWE-798,1
request-680,"augeas { 'resolvconf': context => '/files/etc/resolv.conf', changes => template(""${module_name}/resolv.conf.augeas.erb""); }",CWE-494,1
request-681,"define nginx::status_site( $ensure = present, $port = 8080, ) { nginx::site { 'status': ensure => $ensure, content => template('nginx/status.nginx.erb'), } }",CWE-200,1
request-682,,,0
request-683,,,0
request-684,,,0
request-685,set iface[. = '${name}']/bridge_ports none,CWE-284,1
request-686,password_hash => mysql_password($password),CWE-326,1
request-687,$log_dir = '/var/log/ceilometer',CWE-732,1
request-688,wgallowcopyuploads => true,CWE-434,1
request-688,wgenableuploads => true,CWE-434,1
request-688,"$wggrouppermissions[""user""][""upload_by_url""] = true;",CWE-200,1
request-689,"define openstack::firewall::multi_net ( $action = undef, $chain = undef, $iniface = undef, $port = undef, $proto = undef, $rule_name = $title, $source_nets = undef, ) { ... }",CWE-284,1
request-690,$interfaces_dir = '/tmp/1',CWE-379,1
request-691,"$log_dir = '/var/log/neutron',
...
oslo::log { 'neutron_config':
  ...
  log_dir => $log_dir_real,
  ...
}",CWE-732,1
request-692,,,0
request-693,"file { '/var/log': owner => 'root', group => 'syslog', mode => '0775', }",CWE-732,1
request-694,mode => filemode(0755);,CWE-732,1
request-695,"file { $filename: mode => filemode(0755), content => template(""packages/tooltool.py""); }",CWE-732,1
request-696,,,0
request-697,,,0
request-698,"file { '/etc/pki/tls/certs/public_haproxy.pem': mode => '0644', }",CWE-732,1
request-699,"$public_url = 'http://127.0.0.1:8083', $admin_url = 'http://127.0.0.1:8083', $internal_url = 'http://127.0.0.1:8083',",CWE-319,1
request-700,"file { ""/etc/apt/preferences.d/contrail-${plugin_version}.pref"": ensure => absent, }",CWE-276,1
request-701,"file { ""/tmp/${1}iftest"": ensure => file, mode => 0755 }",CWE-22,1
request-702,,,0
request-703,"midonet_gateway { $::fqdn: ensure => present, midonet_api_url => ""http://${management_address}:8081/midonet-api"", username => $username, password => $password, tenant_name => $tenant_name, interface => 'gw-veth-mn', local_as => $midonet_settings['local_as'], bgp_port => { 'port_address' => $midonet_settings['bgp_ip'], 'net_prefix' => $bgp_subnet_ip, 'net_length' => $bgp_subnet_cidr }, remote_peers => $remote_peers, advertise_net => [{ 'net_prefix' => $f_net_cidr[0], 'net_length' => $f_net_cidr[1]}] }",CWE-522,1
request-704,,,0
request-705,,,0
request-706,"midonet_host_registry {$::fqdn: ensure => present, midonet_api_url => ""http://${api_ip}:8081"", username => $username, password => $password, tenant_name => $tenant_name, underlay_ip_address => $::ipaddress_br_mesh, tunnelzone_type => $tz_type, tunnelzone_name => 'tzonefuel' }",CWE-522,1
request-707,'security/use_certs': value => false;,CWE-319,1
request-707,'keystone/insecure': value => true;,CWE-319,1
request-707,'defaults/listen_ip_addr': value => '0.0.0.0';,CWE-284,1
request-708,"$public_protocol = get_ssl_property($ssl_hash, $public_ssl_hash, 'manila', 'public', 'protocol', 'http')",CWE-319,1
request-708,"$internal_protocol = get_ssl_property($ssl_hash, {}, 'manila', 'internal', 'protocol', 'http')",CWE-319,1
request-708,"$admin_protocol = get_ssl_property($ssl_hash, {}, 'manila', 'admin', 'protocol', 'http')",CWE-319,1
request-709,,,0
request-710,"firewall { '100 allow ping from vip': chain => 'baremetal', source => $baremetal_vip, destination => $baremetal_ipaddr, proto => 'icmp', icmp => 'echo-request', action => 'accept', }",CWE-284,1
request-710,"$ns_iptables_start_rules = ""iptables -a input -i baremetal-ns -s ${baremetal_network} -d ${baremetal_vip} -p tcp -m multiport --dports 6385,8080 -m state --state new -j accept; iptables -a input -i baremetal-ns -s ${baremetal_network} -d ${baremetal_vip} -m state --state established,related -j accept; iptables -a input -i baremetal-ns -j drop""",CWE-284,1
request-711,"oslo::messaging::rabbit { 'aodh_config': rabbit_password => $rabbit_password, ... }",CWE-798,1
request-711,"oslo::messaging::amqp { 'aodh_config': password => $amqp_password, ... }",CWE-798,1
request-712,"file { '/etc/hiera/plugins/plumgrid.yaml': ensure => file, content => 'use_ovs: false', }",CWE-276,1
request-713,"'restproxy/serverauth': value => ""${nuage_vsd_username}:${nuage_vsd_password}"";",CWE-522,1
request-714,"file {'/etc/manila/api-paste.ini': source => 'puppet:///modules/manila_auxiliary/api-paste.ini', owner => 'manila', group => 'manila', }",CWE-732,1
request-714,"file {'/etc/manila/logging_sample.conf': source => 'puppet:///modules/manila_auxiliary/logging_sample.conf', owner => 'manila', group => 'manila', }",CWE-732,1
request-714,"file {'/etc/manila/policy.json': source => 'puppet:///modules/manila_auxiliary/policy.json', owner => 'manila', group => 'manila', }",CWE-732,1
request-715,"file { $profile_storage_dir: ensure => directory, owner => $::share_owner, group => $::share_group, mode => '0775', }",CWE-732,1
request-716,"exec { 'prov_route_target': provider => 'shell', path => '/usr/bin:/bin:/sbin', command => ""python /usr/share/contrail-utils/add_route_target.py \ --routing_instance_name default-domain:${contrail::admin_tenant}:${contrail::floating_net}:${contrail::floating_net} \ --route_target_number ${contrail::route_target} --router_asn ${contrail::asnum} \ --api_server_ip ${contrail::contrail_mgmt_vip} --api_server_port 8082 \ --admin_user '${contrail::neutron_user}' --admin_tenant_name '${contrail::service_tenant}' --admin_password '${contrail::service_token}' \ && touch /etc/contrail/prov_route_target-done"", creates => '/etc/contrail/prov_route_target-done', require => contrail::create_network[$contrail::floating_net], }",CWE-313,1
request-717,ironic_config { 'glance/glance_api_insecure': value => $glance_api_insecure; },CWE-319,1
request-717,"oslo::messaging::amqp { 'ironic_config': ... allow_insecure_clients => $amqp_allow_insecure_clients, ... }",CWE-319,1
request-718,"mediawiki::import::dump { 'page_mediaviewere2etest': xml_dump => '/vagrant/puppet/modules/role/files/multimediaviewer/page/mediaviewere2etest.xml', dump_sentinel_page => 'mediaviewere2etest', }",CWE-502,1
request-719,"$internal_bind_opts = list_to_hash(suffix(any2array($internal_ip), "":${service_port}""), union($haproxy_listen_bind_param, ['ssl', 'crt', $public_certificate]))",CWE-306,1
request-720,'spice/html5proxy_host': value => $host;,CWE-200,1
request-721,,,0
request-722,$socket = '/tmp/mysql.sock',CWE-377,1
request-723,$pure_api_token,CWE-522,1
request-724,"file_line { 'clear_emulator_capabilities': path => '/etc/libvirt/qemu.conf', line => 'clear_emulator_capabilities = 0', notify => service['libvirt'] }",CWE-250,1
request-725,"file { ""/etc/security/limits.d/90-nofile.conf"": owner => root, group => root, mode => 0644, source => ""puppet:///modules/tweaks/90-nofile.conf""; }",CWE-732,1
request-726,"username => $authnz['username'], password => $authnz['password'],",CWE-522,1
request-726,"ldap_bind_password => $authnz['ldap_bind_password'],",CWE-522,1
request-727,"exec { ""generate_tor-${name}_cert"": provider => 'shell', path => '/usr/bin:/bin:/sbin', cwd => '/etc/contrail/', command => ""ovs-pki req+sign tor-${name}"", creates => ""/etc/contrail/tor-${name}-cert.pem"", require => exec['generate_ca_cert'], }",CWE-78,1
request-728,class mysql::server {},CWE-306,1
request-729,"wgrestbaseserver => ""http://127.0.0.1:${::restbase::port}""",CWE-200,1
request-730,"cfg => ""$plugins_dir/check_procs -w 1:1 --argument-array=buildbot.tac""",CWE-78,1
request-731,"swift::ringbuilder::rebalance{ ['object', 'account', 'container']: seed => 999, }",CWE-330,1
request-732,$auth_url = 'http://localhost:35357',CWE-319,1
request-732,$auth_uri = 'http://localhost:5000',CWE-319,1
request-733,"nrpe_command => ""/usr/lib/nagios/plugins/check_procs -c ${process_count}:${process_count} -c ${process_name}""",CWE-78,1
request-734,"if $libvirt_vif_driver == 'nova.virt.libvirt.vif.libvirtgenericvifdriver' and $force_snat_range {
  $force_snat_range_array = split($force_snat_range, '/')
  if is_ip_address($force_snat_range_array[0]) and is_integer($force_snat_range_array[1]) {
    nova_config { 'default/force_snat_range': value => $force_snat_range; }
  } else {
    fail('force_snat_range should be ipv4 or ipv6 cidr notation')
  }
}",CWE-284,1
request-735,"firewall { $firewall_rule : dport => $cfapi_bind_port, proto => 'tcp', action => 'accept', }",CWE-284,1
request-736,,,0
request-737,'gpgcheck' => 'no',CWE-494,1
request-738,,,0
request-739,$jdbc_password = 'hive',CWE-798,1
request-740,$gnocchi_wsgi_script_source = '/usr/lib/python2.7/site-packages/gnocchi/rest/app.wsgi',CWE-1104,1
request-740,$gnocchi_wsgi_script_source = '/usr/share/gnocchi-common/app.wsgi',CWE-1104,1
request-741,"exec { install_servcie: command => 'metcollect.exe --startup auto install', path => $exe_path, refreshonly => true, }",CWE-78,1
request-742,,,0
request-743,"file { ""/etc/init.d/command_runner"": content => template(""buildmaster/command_runner.initd.erb""), notify => service[""command_runner""], mode => 755; ""/etc/init.d/pulse_publisher"": content => template(""buildmaster/pulse_publisher.initd.erb""), notify => service[""pulse_publisher""], mode => 755; ... }",CWE-732,1
request-744,log_directory => '/var/log/openvswitch',CWE-732,1
request-745,,,0
request-746,,,0
request-747,,,0
request-748,'key' => 'admin',CWE-798,1
request-749,"exec { 'bsnstacklib': command => 'pip install ""bsnstacklib<2015.2""', path => '/usr/local/bin/:/usr/bin/:/bin', require => package['python-pip'] }",CWE-494,1
request-750,"ensure_resource('keystone_user', $auth_name, { 'ensure' => $ensure, 'enabled' => true, 'password' => $password, 'email' => $email, 'domain' => $user_domain_real, })
if ! $password { warning(""no password had been set for ${auth_name} user."") }",CWE-521,1
request-751,"class { '::keystone::db::mysql': password => 'keystone', }",CWE-798,1
request-751,"class { '::keystone': debug => true, database_connection => 'mysql://keystone_admin:keystone@127.0.0.1/keystone', catalog_type => 'sql', admin_token => 'admin_token', enabled => true, }",CWE-798,1
request-751,"class { '::keystone::roles::admin': email => 'test@puppetlabs.com', password => 'changeme', }",CWE-798,1
request-751,keystone_config { 'ssl/enable': ensure => absent },CWE-319,1
request-752,"file { ""${config_dir}/output-${title}.toml"": ensure => $ensure, content => template('heka/output/http.toml.erb'), mode => '0600', owner => $heka::params::user, group => $heka::params::user, }",CWE-266,1
request-753,"url => ""http://${server}:${port}/write?db=${database}&precision=${time_precision}"",",CWE-319,1
request-754,,,0
request-755,"""/etc/cron.d/slaveapi-update-git-cloud-tools"": content => ""*/5 * * * * ${user} cd ${cloud_tools_dst} && /usr/local/bin/git pull -q\n"";",CWE-78,1
request-756,,,0
request-757,,,0
request-758,if is_service_default($rabbit_password) { fail('please specify a rabbit_password parameter.') },CWE-798,1
request-759,,,0
request-760,"""${full_master_dir}/master/buildbot.tac"": require => exec[""setup-${basedir}""], mode => 0644, owner => $master_user, group => $master_group, source => ""puppet:///modules/buildmaster/buildbot.tac"";",CWE-732,1
request-761,,,0
request-762,"file { $lua_modules_dir: ensure => directory, source => 'puppet:///modules/lma_collector/plugins/common', recurse => remote, notify => [class['lma_collector::service::metric'], class['lma_collector::service::log']], }",CWE-732,1
request-762,"file { ""${plugins_dir}/decoders"": ensure => directory, source => 'puppet:///modules/lma_collector/plugins/decoders', recurse => remote, notify => [class['lma_collector::service::metric'], class['lma_collector::service::log']], require => file[$plugins_dir] }",CWE-732,1
request-762,"file { ""${plugins_dir}/filters"": ensure => directory, source => 'puppet:///modules/lma_collector/plugins/filters', recurse => remote, notify => [class['lma_collector::service::metric'], class['lma_collector::service::log']], require => file[$plugins_dir] }",CWE-732,1
request-762,"file { ""${plugins_dir}/encoders"": ensure => directory, source => 'puppet:///modules/lma_collector/plugins/encoders', recurse => remote, notify => [class['lma_collector::service::metric'], class['lma_collector::service::log']], require => file[$plugins_dir] }",CWE-732,1
request-762,"file { ""${plugins_dir}/outputs"": ensure => directory, source => 'puppet:///modules/lma_collector/plugins/outputs', recurse => remote, notify => [class['lma_collector::service::metric'], class['lma_collector::service::log']], require => file[$plugins_dir] }",CWE-732,1
request-763,"file { '/etc/rsyslog.d/fluentd.conf': content => ""*.* @127.0.0.1:${fluentd_syslog_port}"", owner => 'root', group => 'root', mode => '0644', }",CWE-732,1
request-764,"interface ""eth0""",CWE-284,1
request-765,"file { $dir: ensure => directory, owner => $owner, group => $group, }",CWE-732,1
request-766,'xdebug.remote_connect_back' => 1,CWE-200,1
request-767,,,0
request-768,,,0
request-769,"listenaddr => ""0.0.0.0""",CWE-284,1
request-770,,,0
request-771,,,0
request-772,,,0
request-773,"'pypi.pub.build.mozilla.org' => { path => 'http://pypi.pub.build.mozilla.org/', size => '16g', ttl => '1d', },",CWE-319,1
request-773,"'pypi.pvt.build.mozilla.org' => { path => 'http://pypi.pvt.build.mozilla.org/', size => '16g', ttl => '1d', },",CWE-319,1
request-773,"'runtime-binaries.pvt.build.mozilla.org' => { path => 'http://runtime-binaries.pvt.build.mozilla.org/', size => '16g', ttl => '1d', },",CWE-319,1
request-773,"'tooltool.pvt.build.mozilla.org' => { path => 'http://tooltool.pvt.build.mozilla.org/', size => '16g', ttl => '1d', },",CWE-319,1
request-774,"file { '/tmp/foo' : ensure => present, }",CWE-276,1
request-775,"package { ""ia32-libs"": ensure => latest; }",CWE-829,1
request-775,"package { ""libstdc++.i686"": ensure => latest; ""zlib.i686"": ensure => latest; }",CWE-829,1
request-776,,,0
request-777,"$buildmaster_ssh_keys = ['seabld_dsa', 'id_dsa']",CWE-327,1
request-778,"class { '::memcached': listen_ip => get_network_role_property('mgmt/memcache', 'ipaddr'), max_memory => '50%', item_size => '10m', }",CWE-200,1
request-779,"keystone_user { $workloads_username: ensure => present, password => $workloads_password, enabled => $enabled, }",CWE-522,1
request-779,"keystone_user_role { ""$workloads_username@$workloads_tenant"": ensure => present, roles => ['admin'], }",CWE-266,1
request-780,,,0
request-781,"class { '::horizon': cache_server_ip => $horizon_memcached_servers, neutron_options => $neutron_options, }",CWE-200,1
request-782,"file { '/etc/hiera/plugins/contrail.yaml': ensure => file, content => template('contrail/plugins.yaml.erb'), }",CWE-276,1
request-783,"exec { ""designate-powerdns-dbsync ${name}"": command => ""${::designate::params::designate_manage} powerdns sync ${name}"", path => '/usr/bin', user => 'root', refreshonly => true, logoutput => on_failure, }",CWE-78,1
request-784,"""mysql+pymysql://${db_user}:${db_pass}@${db_host}/manila?charset=utf8""",CWE-522,1
request-784,"""http://${mgmt_ip}:35357/""",CWE-319,1
request-784,"""http://${mgmt_ip}:5000/""",CWE-319,1
request-784,rabbit_use_ssl => 'false',CWE-319,1
request-785,"file {""${::l23network::params::interfaces_dir}/interface-up-script-${name}"": ensure => 'present', owner => 'root', mode => '0755', content => template('l23network/centos_post_up.erb'), }",CWE-732,1
request-786,"file { $dsn_file: ensure => present, owner => 'www-data', mode => '0644', }",CWE-200,1
request-787,$vcenter_password = 'password',CWE-798,1
request-788,,,0
request-789,"$public_url = 'ws://127.0.0.1:9000', $admin_url = 'ws://127.0.0.1:9000', $internal_url = 'ws://127.0.0.1:9000'",CWE-319,1
request-790,,,0
request-791,'cors/allowed_origin' => { value => $allowed_origin },CWE-346,1
request-792,"class {'::midonet::midonet_cli': api_endpoint => ""http://${api_ip}:8081/midonet-api"", username => $username, password => $password, tenant_name => $tenant_name, }",CWE-522,1
request-793,"$admin_password = undef,",CWE-522,1
request-794,"file { $log_file: ensure => present, mode => '0666', owner => $::share_owner, group => $::share_group, }",CWE-732,1
request-795,,,0
request-796,$privileges = 'all',CWE-266,1
request-797,"firewall {'215 vxlan-gpe tcp': dport => [ 6633 ], proto => 'tcp', action => 'accept', }",CWE-284,1
request-797,"firewall {'215 vxlan-gpe udp': dport => [ 6633 ], proto => 'udp', action => 'accept', }",CWE-284,1
request-798,,,0
request-799,"service <| tag == 'manila-share' |> { hasrestart => true, restart => '/bin/true', start => '/bin/true', stop => '/bin/true', }",CWE-284,1
request-800,"$public_protocol = get_ssl_property($ssl_hash, $public_ssl_hash, 'nova', 'public', 'protocol', 'http')
$internal_protocol = get_ssl_property($ssl_hash, {}, 'nova', 'internal', 'protocol', 'http')
$admin_protocol = get_ssl_property($ssl_hash, {}, 'nova', 'admin', 'protocol', 'http')",CWE-319,1
request-801,,,0
request-802,else { ceph_config { 'global/auth_cluster_required': value => 'none'; 'global/auth_service_required': value => 'none'; 'global/auth_client_required': value => 'none'; 'global/auth_supported': value => 'none'; } },CWE-306,1
request-803,,,0
request-804,"file { '/etc/firejail/thumbor.profile': ensure => present, owner => 'root', group => 'root', mode => '0444', source => 'puppet:///modules/thumbor/thumbor.profile', }",CWE-732,1
request-805,"file { $log_dirs: ensure => 'directory', owner => 'kafka', group => 'kafka', mode => '0755', require => package['kafka-server'], }",CWE-732,1
request-806,"'db_password' => 'ceilometer', 'user_password' => 'ceilometer', 'metering_secret' => 'ceilometer',",CWE-798,1
request-807,"command => ""pip install --upgrade --no-deps --index-url='' ${path}/${name}.tar.gz"",",CWE-494,1
request-808,"openstack::ha::haproxy_service { 'sahara': order => '150', listen_port => 8386, public => true, public_ssl => $public_ssl, public_ssl_path => $public_ssl_path, internal_ssl => $internal_ssl, internal_ssl_path => $internal_ssl_path, require_service => 'sahara-api', haproxy_config_options => { 'option' => 'http-buffer-request', 'timeout' => 'http-request 10s', 'http-request' => 'set-header x-forwarded-proto https if { ssl_fc }', }, }",CWE-319,1
request-809,,,0
request-810,"file { '/usr/lib/sqoop/lib/mysql-connector-java.jar': ensure => 'link', target => '/usr/share/java/mysql-connector-java.jar', require => [package['sqoop'], package['libmysql-java']], }",CWE-347,1
request-811,"command => ""/usr/bin/openssl req -subj ${subject} -nodes -new -x509 -newkey rsa:1024 -keyout /etc/ssl/certs/${keyname}.key -out /etc/ssl/certs/${keyname}.pem -days 1095""",CWE-326,1
request-812,"file { ""${deploy_dir}/.env"": ensure => present, mode => '0644', owner => $::share_owner, group => $::share_group, notify => service['apache2'], content => template('scholarships/env.erb'), replace => false, require => git::clone['wikimedia/wikimania-scholarships'], }",CWE-538,1
request-813,"file { $log_file: ensure => present, owner => $user, mode => '0640', selinux_ignore_defaults => true, }",CWE-732,1
request-814,,,0
request-815,,,0
request-816,$database_connection = 'sqlite:////var/lib/barbican/barbican.sqlite',CWE-312,1
request-817,"if $migration_support { if $vncserver_listen != '0.0.0.0' and $vncserver_listen != '::0' { fail('for migration support to work, you must set vncserver_listen to \'0.0.0.0\' or \'::0\'') } else { include ::nova::migration::libvirt } }",CWE-200,1
request-818,,,0
request-819,"service <| tag == 'sahara-service' |> { hasrestart => true, restart => '/bin/true', start => '/bin/true', stop => '/bin/true', }",CWE-284,1
request-820,"'keystone_authtoken/insecure' => {'value' => $insecure},",CWE-295,1
request-821,,,0
request-822,grant usage on *.* to '${mysql_user}'@'%' identified by '${mysql_password}';,CWE-284,1
request-823,,,0
request-824,"$manila_env = [ ""os_tenant_name=${os_tenant_name}"", ""os_username=${os_username}"", ""os_password=${os_password}"", ""os_auth_url=${os_auth_url}"", ]",CWE-522,1
request-824,"exec {""manila type-create ${volume_name} ${driver_handles_share_servers}"": command => ""manila type-create ${volume_name} ${driver_handles_share_servers}"", unless => ""manila type-list | grep ${volume_name}"", environment => concat($manila_env, $region_env), require => package['python-manilaclient'], path => ['/usr/bin', '/bin'], }",CWE-547,1
request-825,,,0
request-826,"'scheduler_available_filters = [""nova.scheduler.filters.all_filters""]'",CWE-829,1
request-827,$log_dir = '/var/log/mistral',CWE-732,1
request-828,"keystone_config { 'auth/methods': value => join(any2array($methods),','); 'auth/saml2': value => $module_plugin; }",CWE-284,1
request-829,,,0
request-830,"python::virtualenv { ""${funsize_scheduler::settings::root}"":
  user => ""${users::builder::username}"",
  group => ""${users::builder::group}"",
  ...
}",CWE-732,1
request-831,"class { '::ceilometer::wsgi::apache': ssl => false, }",CWE-319,1
request-832,,,0
request-833,"file { ""/etc/apache2/${conf_type}-available/${conf_file}"": ensure => $ensure, content => $content, source => $source, owner => 'root', group => 'root', mode => '0444', }",CWE-276,1
request-834,"glance_image { 'cirros': ensure => present, container_format => 'bare', disk_format => 'qcow2', is_public => 'yes', source => 'http://download.cirros-cloud.net/0.3.4/cirros-0.3.4-x86_64-disk.img', }",CWE-494,1
request-834,"glance_image { 'cirros_alt': ensure => present, container_format => 'bare', disk_format => 'qcow2', is_public => 'yes', source => 'http://download.cirros-cloud.net/0.3.4/cirros-0.3.4-x86_64-disk.img', }",CWE-494,1
request-835,,,0
request-836,class mysql::server {},CWE-306,1
request-837,,,0
request-838,"command => ""/usr/bin/curl -i -u ${user}:${password} \ -h 'content-type: application/json' \ -x put -d '{\""netvirt-providers-config\"":{\""table-offset\"":\""1\""}}' \ http://${management_vip}:${rest_port}/restconf/config/netvirt-providers-config:netvirt-providers-config""",CWE-522,1
request-838,"command => ""/usr/bin/curl -i -u ${user}:${password} \ -h 'content-type: application/json' -x put -d \ '{\""sfc-of-renderer-config\"":{\""sfc-of-table-offset\"":\""150\"",\""sfc-of-app-egress-table-offset\"":\""11\""}}' \ http://${management_vip}:${rest_port}/restconf/config/sfc-of-renderer:sfc-of-renderer-config""",CWE-522,1
request-839,mode => '0644',CWE-732,1
request-840,'database/event_time_to_live' : value => $event_time_to_live; 'database/metering_time_to_live' : value => $metering_time_to_live;,CWE-400,1
request-841,,,0
request-842,"class vitrage::policy ( $policies = {}, $policy_path = '/etc/vitrage/policy.json', ) { ... openstacklib::policy::base { file_path => $policy_path, } ... }",CWE-276,1
request-843,,,0
request-844,,,0
request-845,"$defaults = { inject => true, inject_as_id => 'mon.', inject_keyring => ""/var/lib/ceph/mon/ceph-${::hostname}/keyring"", }",CWE-798,1
request-846,password_hash => mysql_password($password),CWE-328,1
request-847,,,0
request-848,,,0
request-849,"class { '::trove::db::mysql': password => 'dbpass', host => '10.0.0.1', allowed_hosts => '10.0.0.1' }",CWE-259,1
request-849,"class { '::trove': database_connection => 'mysql://trove:secrete@10.0.0.1/trove?charset=utf8', rabbit_hosts => '10.0.0.1', rabbit_password => 'secrete', nova_proxy_admin_pass => 'novapass', }",CWE-259,1
request-849,"class { '::trove::keystone::auth': admin_address => '10.0.0.1', internal_address => '10.0.0.1', public_address => '10.0.0.1', password => 'verysecrete', region => 'openstack' }",CWE-259,1
request-849,"class { '::trove::api': bind_host => '10.0.0.1', auth_url => 'https://identity.openstack.org:5000/v2.0', keystone_password => 'verysecrete' }",CWE-259,1
request-850,"class {'midonet::repository': is_mem => $is_mem, midonet_version => undef, midonet_stage => undef, openstack_release => undef, mem_version => undef, mem_username => $mem_username, mem_password => $mem_password, }",CWE-522,1
request-851,nova_config { 'default/public_interface': value => $public_interface },CWE-200,1
request-852,"class { '::neutron::agents::l3': debug => $debug, metadata_port => $metadata_port, external_network_bridge => ' ', manage_service => true, enabled => true, agent_mode => $agent_mode, }",CWE-778,1
request-853,"service <| tag == 'cinder::backup' |> { hasrestart => true, restart => '/bin/true', start => '/bin/true', stop => '/bin/true', }",CWE-78,1
request-854,,,0
request-855,"file { '/etc/dnsmasq.d': ensure => directory, }",CWE-732,1
request-856,,,0
request-857,"'securitygroup/firewall_driver' : value => ""neutron.agent.firewall.noopfirewalldriver"";",CWE-284,1
request-858,$glusterfs_shares_config = '/etc/cinder/shares.conf',CWE-276,1
request-859,,,0
request-860,"class { '::keystone::db::mysql': password => 'keystone', }",CWE-798,1
request-860,"class { '::keystone': debug => true, database_connection => 'mysql://keystone:keystone@127.0.0.1/keystone', admin_token => 'admin_token', enabled => true, }",CWE-798,1
request-860,"class { '::keystone::roles::admin': email => 'test@example.tld', password => 'a_big_secret', admin => 'admin', admin_tenant => 'admin', admin_user_domain => 'admin', admin_tenant_domain => 'admin', }",CWE-798,1
request-860,"class { '::keystone': debug => true, database_connection => 'mysql://keystone:keystone@127.0.0.1/keystone', admin_token => 'admin_token', enabled => true, }",CWE-256,1
request-861,"package { ""wget"": ensure => '1.15-2.el6'; }",CWE-1104,1
request-861,"package { ""wget"": ensure => '1.13.4-2ubuntu1'; }",CWE-1104,1
request-861,"packages::pkgdmg { wget: version => ""1.12-1""; }",CWE-1104,1
request-862,"file {'/etc/corosync/uidgid.d/pacemaker': content =>""uidgid { uid: ${pacemaker_run_uid} gid: ${pacemaker_run_gid} }"" }",CWE-732,1
request-863,,,0
request-864,command => 'c:\mozilla-build\python27\scripts\easy_install.exe http://puppetagain.pub.build.mozilla.org/data/repos/exes/pywin32-218.win32-py2.7.exe',CWE-494,1
request-865,,,0
request-866,cinder_config { 'privsep_osbrick/helper_command': value => 'sudo cinder-rootwrap /etc/cinder/rootwrap.conf privsep-helper --config-file /etc/cinder/cinder.conf'; },CWE-269,1
request-867,,,0
request-868,"service::node { 'graphoid': port => $port, ... }",CWE-306,1
request-869,"file { $vcenter_ca_filepath: ensure => file, content => $vcenter_ca_content, mode => '0644', owner => 'root', group => 'root', }",CWE-200,1
request-869,if ! empty($vcenter_ca_content) and ! $vc_insecure { ... } else { $ceilometer_vcenter_ca_filepath = $::os_service_default $ceilometer_vcenter_insecure_real = $vc_insecure },CWE-295,1
request-870,,,0
request-871,,,0
request-872,"package { [""openssl"", ""openssl-devel""]: ensure => ""1.0.0-20.el6_2.2""; }",CWE-1104,1
request-872,"package { [""openssl"", ""openssl-devel""]: ensure => ""1.0.1e-30.el6_5.2""; }",CWE-1104,1
request-872,"package { [""openssl"", ""libssl1.0.0"", ""libssl-dev""]: ensure => '1.0.1-4ubuntu5.20'; }",CWE-1104,1
request-872,"package { [""openssl"", ""libssl1.0.0"", ""libssl-dev""]: ensure => '1.0.1f-1ubuntu2.7'; }",CWE-1104,1
request-873,$aodh_wsgi_script_source = '/usr/lib/python2.7/site-packages/aodh/api/app.wsgi',CWE-1104,1
request-873,$aodh_wsgi_script_source = '/usr/share/aodh-common/app.wsgi',CWE-1104,1
request-874,$vcenter_password = 'password',CWE-798,1
request-875,,,0
request-876,$database_connection = 'sqlite:////var/lib/{{cookiecutter.project_name}}/{{cookiecutter.project_name}}.sqlite',CWE-359,1
request-877,'api/host' : value => $host;,CWE-200,1
request-878,"file { '/etc/init.d/runner': content => template('runner/runner.initd.erb'), mode => '0755', notify => exec['initd-r-refresh']; }",CWE-732,1
request-879,,,0
request-880,if $settings['va_conf_file'] { $va_conf_file = $settings['va_conf_file'][content] } if $settings['va_license_file'] { $va_license_file = $settings['va_license_file'][content] },CWE-20,1
request-881,"acl { ""${users::builder::home}/.boto"": purge => true, inherit_parent_permissions => false, permissions => [ { identity => 'root', rights => ['full'] }, { identity => 'system', rights => ['full'] }, { identity => 'cltbld', rights => ['full'] }, ]; }",CWE-266,1
request-882,"exec { 'glance-manage db_sync': command => ""glance-manage ${extra_params} db_sync"", ... }",CWE-78,1
request-883,"ssh::userconfig { $username: home => $home, group => $group, cleartext_password => secret('root_pw_cleartext'), authorized_keys => $::config::admin_users, authorized_keys_allows_extras => true, }",CWE-256,1
request-884,"if $ssh_network == '0.0.0.0/0' { ... } firewall { '010 ssh': chain => $chain, table => 'filter', dport => $ssh_port, proto => 'tcp', source => $ssh_network, action => 'accept', state => ['new'], }",CWE-284,1
request-884,"firewall { '140 rsync': chain => $chain, table => 'filter', dport => $rsync_port, proto => 'tcp', action => 'accept', state => ['new'], }",CWE-284,1
request-885,"file { '/usr/lib/php5/sessionclean': ensure => $ensure, owner => 'root', group => 'root', mode => '0755', source => 'puppet:///modules/php/sessionclean', }",CWE-732,1
request-886,"file { ""/tmp/subclass_name_duplication1"": ensure => present }",CWE-379,1
request-886,"file { ""/tmp/subclass_name_duplication2"": ensure => present }",CWE-379,1
request-887,,,0
request-888,$privileges = 'all',CWE-266,1
request-889,$applier_workers = $::os_service_default,CWE-306,1
request-890,"grafana_url => ""${protocol}://${host}:${port}"",
grafana_user => $admin_username,
grafana_password => $admin_password,",CWE-522,1
request-891,"exec { 'bb-service-delete': command => ""/bin/find /etc/rc.d -type l -name '*buildbot' | /usr/bin/xargs /bin/rm"", refreshonly => true; }",CWE-78,1
request-892,"""${share_backend_name}/netapp_transport_type"": value => $netapp_transport_type;",CWE-319,1
request-893,'id_dsa' => 'builder_ssh_key_prod_id_dsa',CWE-326,1
request-893,'trybld_dsa' => 'builder_ssh_key_staging_trybld_dsa',CWE-326,1
request-893,'b2gtry_dsa' => 'builder_ssh_key_staging_b2gbld_dsa',CWE-326,1
request-893,'xrbld_dsa' => 'builder_ssh_key_staging_xrbld_dsa',CWE-326,1
request-893,'tbirdbld_dsa' => 'builder_ssh_key_staging_tbirdbld_dsa',CWE-326,1
request-893,'b2gbld_dsa' => 'builder_ssh_key_staging_b2gbld_dsa',CWE-326,1
request-893,'trybld_dsa' => 'builder_ssh_key_try_trybld_dsa',CWE-326,1
request-893,'b2gtry_dsa' => 'builder_ssh_key_try_b2gtry_dsa',CWE-326,1
request-893,'xrbld_dsa' => 'builder_ssh_key_prod_xrbld_dsa',CWE-326,1
request-893,'tbirdbld_dsa' => 'builder_ssh_key_prod_tbirdbld_dsa',CWE-326,1
request-893,'b2gbld_dsa' => 'builder_ssh_key_prod_b2gbld_dsa',CWE-326,1
request-893,'id_dsa' => 'builder_ssh_key_prod_id_dsa',CWE-326,1
request-893,'seabld_dsa' => 'builder_ssh_key_prod_seabld_dsa',CWE-326,1
request-894,"exec { ""bundle_install_${title}"":
  command => ""${bundle} install"",
  provider => 'shell',
  cwd => $directory,
  environment => ""bundle_gemfile=${bundle_gemfile}"",
  user => $user,
  unless => ""${guard}${bundle} check"",
  timeout => 60 * 20,
  require => [ file[""${directory}/.bundle/config""], ruby::ruby[$ruby], ],
}",CWE-78,1
request-895,"user { ""administrator"": ensure => present, password => secret(""root_pw_pbkdf2""), salt => secret(""root_pw_pbkdf2_salt""), iterations => secret(""root_pw_pbkdf2_iterations""); }",CWE-620,1
request-896,$number_of_replicas = 0,CWE-710,1
request-897,"""public_url"" => ""http://127.0.0.1:8786/v1/%(tenant_id)s""",CWE-319,1
request-897,"""admin_url"" => ""http://127.0.0.1:8786/v1/%(tenant_id)s""",CWE-319,1
request-897,"""internal_url"" => ""http://127.0.0.1:8786/v1/%(tenant_id)s""",CWE-319,1
request-897,"""public_url_v2"" => ""http://127.0.0.1:8786/v2/%(tenant_id)s""",CWE-319,1
request-897,"""admin_url_v2"" => ""http://127.0.0.1:8786/v2/%(tenant_id)s""",CWE-319,1
request-897,"""internal_url_v2"" => ""http://127.0.0.1:8786/v2/%(tenant_id)s""",CWE-319,1
request-898,"file { $hash[""file""]: ensure => file, content => ""content""; }",CWE-379,1
request-898,"file { $hash2[""a""][key]: ensure => file, content => ""content""; }",CWE-379,1
request-898,"file { $a[""b""]: ensure => file, content => ""content"" }",CWE-379,1
request-898,"file { $hash3[$key]: ensure => file, content => ""content"" }",CWE-379,1
request-899,"plugin_zabbix::agent::userparameter { 'nova.api.status': command => ""/etc/zabbix/scripts/check_api.py nova_os http ${::internal_address} 8774""; }",CWE-78,1
request-900,,,0
request-901,,,0
request-902,,,0
request-903,,,0
request-904,,,0
request-905,$jdbc_password = 'hive',CWE-798,1
request-906,$firewall_driver = 'neutron.agent.linux.iptables_firewall.ovshybridiptablesfirewalldriver',CWE-284,1
request-907,"mediawiki::extension { 'citoid': settings => { wgcitoidserviceurl => $url, } }",CWE-20,1
request-908,,,0
request-909,,,0
request-910,,,0
request-911,'default/bind_host': value => $bind_host;,CWE-200,1
request-912,,,0
request-913,"create_resources('ceilometer_config', $ceilometer_config)",CWE-915,1
request-913,"create_resources('ceilometer_api_paste_ini', $ceilometer_api_paste_ini)",CWE-915,1
request-914,,,0
request-915,,,0
request-916,,,0
request-917,"exec { 'remove_admin_token_auth_middleware': path => ['/bin', '/usr/bin'], command => ""sed -i.dist 's/ admin_token_auth//' ${keystone_paste_ini}"", onlyif => ""fgrep -q ' admin_token_auth' ${keystone_paste_ini}"", }",CWE-78,1
request-918,"file_line { 'root_helper_daemon': line => 'neutron all = (root) nopasswd: /usr/bin/neutron-rootwrap-daemon /etc/neutron/rootwrap.conf', path => '/etc/sudoers.d/neutron_sudoers', match => '^neutron all = (root) nopasswd: /usr/bin/neutron-rootwrap-daemon', }",CWE-269,1
request-919,'default/bind_host': value => $bind_host;,CWE-200,1
request-920,$gelf_logging_host = 'localhost',CWE-200,1
request-921,$rgw_socket_path = '/tmp/radosgw.sock',CWE-377,1
request-922,'bench/key': value => $swift_key;,CWE-522,1
request-923,'default/firewall_driver': value => 'nova.virt.firewall.noopfirewalldriver';,CWE-284,1
request-923,'keystone/admin_token': value => $contrail::admin_token;,CWE-798,1
request-924,,,0
request-925,"$odl_username = 'admin', $odl_password = 'admin'",CWE-798,1
request-926,"file { [$var_directory, $public_directory, $run_directory ]: ensure => 'directory', owner => $user, group => $group, mode => '0775', require => git::clone['analytics/wikimetrics'], }",CWE-732,1
request-926,"$flask_secret_key = 'flask_secret_key', $meta_mw_consumer_key = 'bad4e459823278bdffb5ecf0a206112d', $meta_mw_client_secret = 'e312699be56f1d157657727a87ce3776e172501a', $google_client_secret = 'zkv0qg7zr6l3q3cawniuvx4b'",CWE-798,1
request-926,$db_pass_wikimetrics = 'wikimetrics',CWE-259,1
request-927,"file { 'ocf-fuel-path': ensure => directory, path =>'/usr/lib/ocf/resource.d/fuel', recurse => true, owner => 'root', group => 'root', }",CWE-732,1
request-928,public_ssl => false,CWE-319,1
request-929,,,0
request-930,"package { ""mysql"": ensure => latest; }",CWE-829,1
request-930,"package { ""mysql-client"": ensure => latest; }",CWE-829,1
request-931,"package { ""pyyaml"": ensure => ""3.09-5.el6""; }",CWE-1104,1
request-932,"class { '::keystone': debug => true, catalog_type => 'sql', admin_token => 'admin_token', }",CWE-798,1
request-932,"class { '::keystone::db::mysql': password => 'keystone', }",CWE-798,1
request-932,"class { '::keystone::roles::admin': email => 'test@puppetlabs.com', password => 'changeme', }",CWE-798,1
request-932,"class { '::glance::api': debug => true, auth_type => 'keystone', keystone_tenant => 'services', keystone_user => 'glance', keystone_password => 'glance_password', database_connection => 'mysql://glance:glance@127.0.0.1/glance', }",CWE-798,1
request-932,"class { '::glance::db::mysql': password => 'glance', dbname => 'glance', user => 'glance', host => '127.0.0.1', }",CWE-798,1
request-932,"class { '::glance::registry': debug => true, auth_type => 'keystone', keystone_tenant => 'services', keystone_user => 'glance', keystone_password => 'glance_password', database_connection => 'mysql://glance:glance@127.0.0.1/glance', }",CWE-798,1
request-932,"class { '::glance::keystone::auth': password => 'glance_pass', }",CWE-798,1
request-933,"openstack::ha::haproxy_service { $es_haproxy_service: order => '920', internal_virtual_ip => $es_vip, listen_port => $es_port, server_names => $es_nodes_names, ipaddresses => $es_nodes_ips, balancermember_port => $es_port, balancermember_options => 'check inter 10s fastinter 2s downinter 3s rise 3 fall 3', haproxy_config_options => { 'option' => ['httplog', 'http-keep-alive', 'prefer-last-server', 'dontlog-normal'], 'balance' => 'roundrobin', 'mode' => 'http', } }",CWE-319,1
request-933,"else { openstack::ha::haproxy_service { 'kibana': order => '921', internal_virtual_ip => $kibana_vip, listen_port => $kibana_frontend_port, server_names => $kibana_nodes_names, ipaddresses => $kibana_nodes_ips, balancermember_port => $kibana_backend_port, balancermember_options => 'check inter 10s fastinter 2s downinter 3s rise 3 fall 3', haproxy_config_options => { 'option' => ['httplog', 'http-keep-alive', 'prefer-last-server', 'dontlog-normal'], 'balance' => 'roundrobin', 'mode' => 'http', } }",CWE-319,1
request-933,"else { ... if $authnz['ldap_enabled'] and $authnz['ldap_authorization_enabled'] { openstack::ha::haproxy_service { 'kibana-viewer': order => '922', internal_virtual_ip => $kibana_vip, listen_port => $kibana_frontend_viewer_port, server_names => $kibana_nodes_names, ipaddresses => $kibana_nodes_ips, balancermember_port => $kibana_backend_viewer_port, balancermember_options => 'check inter 10s fastinter 2s downinter 3s rise 3 fall 3', haproxy_config_options => { 'option' => ['httplog', 'http-keep-alive', 'prefer-last-server', 'dontlog-normal'], 'balance' => 'roundrobin', 'mode' => 'http', } } }",CWE-319,1
request-934,$deploystudio_username = 'dsadmin' $deploystudio_uid = 0,CWE-269,1
request-935,,,0
request-936,"mysql::sql { ""${database_user}_full_priv_${database}"": sql => ""grant all privileges on ${database}.* to ${database_user}@${database_host}"", unless => ""select 1 from information_schema.schema_privileges where table_schema = '${database}' and grantee = \""'${database_user}'@'${database_host}'\"" limit 1"", require => mysql::user[$database_user], }",CWE-266,1
request-937,,,0
request-938,"mediawiki::settings { 'commons:general': values => { wguseinstantcommons => false, wgcrosssiteajaxdomains => ['*'], }, }",CWE-942,1
request-939,$foreman_releases_repo_url = 'http://yum.theforeman.org/releases/latest/el7/$basearch',CWE-319,1
request-940,"lma::kibana::authnz:
  username: <%= @elasticsearch_kibana[""kibana_username""] %>
  password: <%= @elasticsearch_kibana[""kibana_password""] %>",CWE-522,1
request-940,ldap_bind_password: <%= @ldap_bind_password %>,CWE-522,1
request-941,"package { 'java-1.6.0-openjdk-devel': ensure => $operatingsystemrelease ? { 6.2 => '1.6.0.0-1.43.1.10.6.el6_2', 6.5 => '1.6.0.0-3.1.13.1.el6_5' }; }",CWE-1104,1
request-942,'wgcontributiontrackingdbpassword' => $::crm::db_pass,CWE-522,1
request-943,location => 'http://apt.puppetlabs.com',CWE-319,1
request-943,baseurl => 'http://yum.puppetlabs.com/el/6/products/x86_64',CWE-319,1
request-943,baseurl => 'http://yum.puppetlabs.com/el/6/dependencies/x86_64',CWE-319,1
request-943,key_source => 'http://apt.puppetlabs.com/pubkey.gpg',CWE-319,1
request-943,gpgkey => 'http://yum.puppetlabs.com/rpm-gpg-key-puppetlabs',CWE-319,1
request-944,"$db_password = pick($ironic_hash['db_password'], 'ironic')",CWE-798,1
request-944,"$ironic_user_password = pick($ironic_hash['user_password'],'ironic')",CWE-798,1
request-945,,,0
request-946,,,0
request-947,,,0
request-948,,,0
request-949,,,0
request-950,"mediawiki::maintenance { 'force geodata index': command => '/usr/local/bin/foreachwikiwithextension cirrussearch extensions/cirrussearch/maintenance/updatesearchindexconfig.php', refreshonly => true, }",CWE-78,1
request-951,"ini_setting { 'http_auth_enabled': section => 'http', setting => 'auth-enabled', value => $auth_enabled, }",CWE-306,1
request-952,"file { [ '/etc/apache2/conf-available', '/etc/apache2/conf-enabled', '/etc/apache2/env-available', '/etc/apache2/env-enabled', '/etc/apache2/sites-available', '/etc/apache2/sites-enabled', '/etc/apache2/site-confs', ]: ensure => directory, recurse => true, purge => true, force => true, notify => service['apache2'], require => package['apache2'], }",CWE-732,1
request-953,"file { 'hiera_data_astute' : ensure => 'symlink', path => $hiera_data_file, target => $astute_data_file, }",CWE-59,1
request-954,"'ssl-default-bind-ciphers' => $ssl_default_ciphers,",CWE-327,1
request-955,glance_api_config { 'glance_store/rbd_store_ceph_conf': value => $rbd_store_ceph_conf; 'glance_store/rbd_store_user': value => $rbd_store_user; 'glance_store/rbd_store_pool': value => $rbd_store_pool; 'glance_store/rbd_store_chunk_size': value => $rbd_store_chunk_size; 'glance_store/rados_connect_timeout': value => $rados_connect_timeout; },CWE-798,1
request-955,glance_glare_config { 'glance_store/rbd_store_ceph_conf': value => $rbd_store_ceph_conf; 'glance_store/rbd_store_user': value => $rbd_store_user; 'glance_store/rbd_store_pool': value => $rbd_store_pool; 'glance_store/rbd_store_chunk_size': value => $rbd_store_chunk_size; 'glance_store/rados_connect_timeout': value => $rados_connect_timeout; },CWE-798,1
request-956,,,0
request-957,"'debug' => $debug,",CWE-489,1
request-958,,,0
request-959,"rabbitmq_policy { 'ha-all@/': pattern => '^(?!amq\.).*', definition => { 'ha-mode' => 'all', }, }",CWE-284,1
request-960,,,0
request-961,$domain_password = 'changeme',CWE-798,1
request-962,"$log_dir = '/var/log/glance', $log_file = '/var/log/glance/api.log',",CWE-732,1
request-963,"file { $ssh::settings::ssh_config: owner => $users::root::username, group => $users::root::group, mode => 0644, content => template(""${module_name}/ssh_config.erb""); $ssh::settings::sshd_config: owner => $::users::root::username, group => $::users::root::group, mode => 0644, notify => class['ssh::service'], content => template(""${module_name}/sshd_config.erb""); $ssh::settings::known_hosts: owner => $::users::root::username, group => $::users::root::group, mode => 0644, content => template(""${module_name}/known_hosts.erb""); }",CWE-276,1
request-964,"file {'c:/etc/netsh_check.bat': content => template(""tweaks/netsh_check.bat.erb""), require => class[dirs::etc], }",CWE-732,1
request-965,,,0
request-966,"firewall { $firewall_rule : dport => $api_bind_port, proto => 'tcp', action => 'accept', }",CWE-284,1
request-966,"class { '::murano' : ... package_ensure => 'latest', ... }",CWE-494,1
request-967,,,0
request-968,"file { ""/etc/localtime"": mode => 644, owner => root, group => $users::root::group, content => file(""/usr/share/zoneinfo/us/pacific""), force => true, require => class['packages::tzdata'], notify => exec['/usr/sbin/tzdata-update']; ""/etc/sysconfig/clock"": mode => 644, owner => root, group => $users::root::group, content => 'zone=""us/pacific""', force => true, require => class['packages::tzdata'], notify => exec['/usr/sbin/tzdata-update']; }",CWE-276,1
request-968,"file { ""/etc/timezone"": mode => 644, owner => root, group => $users::root::group, content => ""america/los_angeles\n"", force => true, require => class['packages::tzdata']; }",CWE-276,1
request-969,"file { $cfg_file: ensure => file, content => template('monasca/notification.yaml.erb'), mode => '0644', owner => $notification_user, group => $::monasca::group, require => [user[$notification_user], group[$::monasca::group], file[$::monasca::log_dir]], }",CWE-732,1
request-970,,,0
request-971,"exec { 'package-upgrade': command => $pkg_upgrade_cmd, path => '/usr/bin', timeout => 0, }",CWE-400,1
request-972,"exec { 'remove_policy': command => ""rm -rf ${policyrc_file}"", path => '/bin', require => exec['do_upgrade'], }",CWE-78,1
request-973,$vc_insecure = true,CWE-319,1
request-974,"exec { 'ceilometer-dbsync': command => ""${::ceilometer::params::dbsync_command} ${extra_params}"", path => '/usr/bin', user => $::ceilometer::params::user, refreshonly => true, logoutput => on_failure, }",CWE-78,1
request-975,"$apache_api_proxy_address = hiera('apache_api_proxy_address', '0.0.0.0')
apache::vhost { 'apache_api_proxy':
  ...
  ip => $apache_api_proxy_address,
  ...
}",CWE-200,1
request-976,"header => template('mediawiki/skin.php.erb'),",CWE-94,1
request-977,'glance_store/s3_store_secret_key': value => $secret_key;,CWE-522,1
request-978,,,0
request-979,"file { 'umm_config' : ensure => present, content => template('umm/umm.conf.erb'), path => '/etc/umm.conf', require => package['fuel-umm'], }",CWE-732,1
request-980,$auth_password = $quantum_settings['keystone']['admin_password'],CWE-522,1
request-980,$bcf_password = $bcf_hash['bcf_controller_password'],CWE-522,1
request-981,,,0
request-982,,,0
request-983,"class { '::keystone':
  enable_bootstrap => false,
  admin_token => $admin_token,
  ...
}",CWE-798,1
request-983,"class { 'keystone::endpoint':
  public_url  => ""http://${host}:${port}"",
  admin_url   => ""http://${host}:${admin_port}"",
  internal_url => ""http://${host}:${port}"",
}",CWE-319,1
request-984,,,0
request-985,,,0
request-986,$nagios_check_external_commands = true,CWE-284,1
request-987,,,0
request-988,"$collectd::settings::plugindir: ensure => directory, recurse => true, purge => true, force => true, mode => 0644, notify => service[$collectd::settings::servicename], require => class['packages::collectd'];",CWE-732,1
request-988,"file { ""${collectd::settings::servicepath}/${collectd::settings::servicescript}"": ensure => present, source => ""puppet:///modules/collectd/${collectd::settings::servicescript}"", notify => service[$collectd::settings::servicename], require => class['packages::collectd']; }",CWE-434,1
request-989,,,0
request-990,"$public_url = 'http://127.0.0.1:8386/v1.1/%(tenant_id)s',
$admin_url = 'http://127.0.0.1:8386/v1.1/%(tenant_id)s',
$internal_url = 'http://127.0.0.1:8386/v1.1/%(tenant_id)s',",CWE-319,1
request-991,"file_line {'scaleio_mdm_ips': ensure => present, path => '/etc/environment', match => '^scaleio_mdm_ips=', line => ""scaleio_mdm_ips=${::managers_ips}"", }",CWE-276,1
request-991,"file_line {'scaleio_discovery_allowed': ensure => present, path => '/etc/environment', match => '^scaleio_discovery_allowed=', line => 'scaleio_discovery_allowed=no', }",CWE-276,1
request-992,,,0
request-993,"file { ""/etc/swift/${name}-server/"": ensure => directory, owner => 'swift', group => 'swift', tag => 'swift-file', }",CWE-732,1
request-994,"exec { 'ins-apt-transport-https': command => '/usr/bin/apt-get update && /usr/bin/apt-get install -y --force-yes apt-transport-https', environment => 'debian_frontend=noninteractive', unless => '/usr/bin/dpkg -l apt-transport-https', }",CWE-732,1
request-995,"command => ""/usr/bin/mysql -uroot -p${mysql::root_password} -qfsae \""${quoted_sql}\""""",CWE-798,1
request-996,,,0
request-997,,,0
request-998,,,0
request-999,,,0
request-1000,mistral_config { 'api/host' : value => $bind_host; },CWE-200,1
request-1001,"""os_password=${nova_hash['user_password']}""",CWE-522,1
request-1001,os_auth_url=http://${service_endpoint}:5000/v2.0/,CWE-319,1
request-1002,"file { '/var/lib/puppet/gitrevision.txt' : ensure => 'present', owner => 'root', group => 'root', mode => '0444', content => $gitrevision, require => file['/var/lib/puppet'], }",CWE-359,1
request-1003,"exec { 'add-builder-to-mock_mozilla': command => ""/usr/bin/gpasswd -a ${users::builder::username} mock_mozilla"", unless => ""/usr/bin/groups ${users::builder::username} | grep '\<mock_mozilla\>'"", require => [class['packages::mozilla::mock_mozilla'], class['users::builder']]; }",CWE-78,1
request-1004,'default/glance_api_insecure': value => $glance_api_insecure;,CWE-295,1
request-1005,,,0
request-1006,$host = '127.0.0.1',CWE-284,1
request-1007,,,0
request-1008,"script_source => ""puppet:///modules/lma_collector/collectd/${title}.py""",CWE-706,1
request-1009,"package { ""bash"": ensure => ""4.1.2-15.el6_5.2""; }",CWE-1104,1
request-1009,"packages::pkgdmg { bash: os_version_specific => false, version => ""3.2-moz3""; }",CWE-1104,1
request-1009,"package { ""bash"": ensure => '4.2-2ubuntu2.5'; }",CWE-1104,1
request-1009,"package { ""bash"": ensure => '4.3-7ubuntu1.4'; }",CWE-1104,1
request-1010,"file { ""/etc/zaqar/${name}.conf"": ensure => file, content => template('zaqar/zaqar.conf.erb'), }",CWE-732,1
request-1011,"exec { 'ironic-dbsync': command => ""${::ironic::params::dbsync_command} ${extra_params}"", path => '/usr/bin', user => 'root', refreshonly => true, logoutput => on_failure, }",CWE-78,1
request-1012,"osxutils::defaults { ""${username}-disable-quarantine"": domain => ""${home}/library/preferences/com.apple.launchservices.plist"", key => ""lsquarantine"", value => ""0""; }",CWE-284,1
request-1013,"file { owner => 'root', group => 'root', mode => '0644', }",CWE-732,1
request-1014,,,0
request-1015,"define osnailyfacter::mysql_grant ( $network = $title, $user = 'root', $password_hash = '', $database = '*', $table = '*', $options = ['grant'], $privileges = ['all'] )",CWE-521,1
request-1016,,,0
request-1017,$apic_password = 'password',CWE-798,1
request-1018,"'$wgrawhtml = true',",CWE-79,1
request-1019,"firewall { $firewall_rule : dport => $api_bind_port, proto => 'tcp', action => 'accept', }",CWE-284,1
request-1019,"default_nameservers => pick($external_dns['dns_list'], '8.8.8.8'),",CWE-200,1
request-1020,"user { 'mailman': ensure => present, uid => 38, allowdupe => true, gid => 38, shell => '/bin/sh', password => '', home => '/var/list', managehome => true, comment => 'mailing list manager' }",CWE-521,1
request-1021,"ensure_resource('file', $sqlite_dir,{ ensure => directory, owner => root, group => root, mode => '0755', })",CWE-732,1
request-1022,'kmip_plugin/password': value => $kmip_plugin_password;,CWE-256,1
request-1023,,,0
request-1024,"file { '/etc/awstats/awstats.conf': source => 'puppet:///modules/awstats/awstats.conf', }",CWE-276,1
request-1025,include users::builder::autologin,CWE-284,1
request-1027,,,0
request-1028,"package { ""procmail"": ensure => latest; }",CWE-829,1
request-1029,"command => join([ ""curl -o /dev/null --fail --silent --head -u ${user}:${password}"", ""http://${management_vip}:${rest_port}/restconf/operational/network-topology:network-topology/topology/${odl_up_testing_site}"" ], ' '),",CWE-522,1
request-1030,,,0
request-1031,"$internal_auth_protocol = get_ssl_property($ssl_hash, {}, 'keystone', 'internal', 'protocol', 'http')",CWE-319,1
request-1031,"$admin_auth_protocol = get_ssl_property($ssl_hash, {}, 'keystone', 'admin', 'protocol', 'http')",CWE-319,1
request-1032,,,0
request-1033,,,0
request-1034,"file { [""/builds/slave/talos-data"", $talos::settings::apachedocumentroot]: ensure => directory, owner => ""$users::builder::username"", group => ""$users::builder::group"", mode => 0755; }",CWE-732,1
request-1035,,,0
request-1036,$password = false,CWE-798,1
request-1036,public_url = 'http://127.0.0.1:8004/v1/%(tenant_id)s',CWE-319,1
request-1036,admin_url = 'http://127.0.0.1:8004/v1/%(tenant_id)s',CWE-319,1
request-1036,internal_url = 'http://127.0.0.1:8004/v1/%(tenant_id)s',CWE-319,1
request-1037,"$password = $settings['nsx_api_password'] class { '::nsxt::create_repo': managers => $managers, username => $username, password => $password, }",CWE-522,1
request-1038,'api/host': value => $host;,CWE-200,1
request-1039,$database_connection = 'sqlite:////var/lib/gnocchi/gnocchi.sqlite',CWE-359,1
request-1040,"class { '::neutron::plugins::ml2::opendaylight': odl_url => ""${conn_proto}://${odl_url_ip}:${odl_port}/controller/nb/v2/neutron""; }",CWE-319,1
request-1041,"exec { ""ccache-maxsize-$ccache_dir"": require => [file[$ccache_dir], class[""packages::mozilla::ccache""]], refreshonly => true, command => ""$ccache -m$maxsize"", environment => [ ""ccache_dir=$ccache_dir"", ], user => $owner; }",CWE-78,1
request-1042,"define pacemaker::resource::lsb( $ensure = 'present', $service_name = $name, $resource_params = '', $meta_params = '', $op_params = '', $clone_params = undef, $group_params = undef, $post_success_sleep = 0, $tries = 1, $try_sleep = 0, $verify_on_create = false, ) { pcmk_resource { $name: ensure => $ensure, resource_type => ""lsb:${service_name}"", resource_params => $resource_params, meta_params => $meta_params, op_params => $op_params, clone_params => $clone_params, group_params => $group_params, post_success_sleep => $post_success_sleep, tries => $tries, try_sleep => $try_sleep, verify_on_create => $verify_on_create, require => exec['wait-for-settle'], } }",CWE-20,1
request-1043,,,0
request-1044,'api/host': value => $watcher_api_bind_host;,CWE-200,1
request-1045,"sysctl::value { 'net.ipv4.conf.all.arp_accept': value => '1' }
sysctl::value { 'net.ipv4.conf.default.arp_accept': value => '1' }",CWE-200,1
request-1046,,,0
request-1047,"exec {""sriov_iommu_check"": command => ""ruby $script"", path => ['/usr/bin', '/usr/sbin', '/sbin', '/bin'] }",CWE-78,1
request-1048,$rate_limit_segments_per_sec = '0',CWE-770,1
request-1049,$database_connection = 'sqlite:////var/lib/keystone/keystone.sqlite',CWE-359,1
request-1050,,,0
request-1051,file { '/etc/logrotate.d/twn': source => 'puppet:///modules/logrotate/twn' },CWE-276,1
request-1052,'vncproxy_protocol = 'http'',CWE-319,1
request-1053,"cinder::backend::solidfire { 'default': san_ip => $san_ip, san_login => $san_login, san_password => $san_password, ... }",CWE-522,1
request-1054,"exec { 'create_silverpop_reference_data': command => ""/usr/bin/mysql -u '${::crm::db_user}' -p'${::crm::db_pass}' 'silverpop' < ${dir}/silverpop_export/silverpop_countrylangs.sql"", unless => ""/usr/bin/mysql -u '${::crm::db_user}' -p'${::crm::db_pass}' 'silverpop' -e 'select 1 from silverpop_countrylangs'"", require => [ git::clone['wikimedia/fundraising/tools'], mysql::db['silverpop'], ], }",CWE-312,1
request-1054,"exec { 'frtools_python_requirements': command => ""pip install -r ${dir}/silverpop_export/requirements.txt"", require => [ git::clone['wikimedia/fundraising/tools'], package['libmysqlclient-dev'], ], }",CWE-494,1
request-1055,"command => ""/usr/sbin/pcs property unset --node ${node} ${property}""",CWE-78,1
request-1055,command => $cmd,CWE-78,1
request-1055,"command => ""/usr/sbin/pcs property unset ${property}""",CWE-78,1
request-1056,"file { ""proxy_reset_environment"": ensure => present, path => ""/usr/local/bin/proxy_reset_env.sh"", mode => ""0755"", source => ""puppet:///modules/web_proxy/unix_proxy_reset_env.sh"" }",CWE-732,1
request-1057,,,0
request-1058,"file { $atop_retention: ensure => $atop_retention_ensure, mode => '0755', content => template('osnailyfacter/atop_retention.erb'), }",CWE-732,1
request-1059,,,0
request-1060,"$dir = ""${puppetmaster::settings::puppetmaster_root}/ssl""
...
file { $dir:
  ensure => directory,
  owner  => puppet,
  group  => puppet,
  mode   => '0771';
}",CWE-732,1
request-1061,"file { '/etc/update-motd.d': ensure => directory, recurse => true, ignore => '9*', purge => true, notify => exec['update_motd'], }",CWE-732,1
request-1062,"rabbitmq_user_permissions { 'trove@/': configure_permission => '.*', write_permission => '.*', read_permission => '.*', provider => 'rabbitmqctl', require => class['::rabbitmq'], }",CWE-732,1
request-1062,"class { '::trove::api': bind_host => $::openstack_integration::config::host, debug => true, workers => 2, cert_file => $crt_file, key_file => $key_file, }",CWE-215,1
request-1062,"class { '::trove::conductor': debug => true, workers => 2, auth_url => $::openstack_integration::config::keystone_auth_uri, }",CWE-215,1
request-1062,"class { '::trove::taskmanager': debug => true, auth_url => $::openstack_integration::config::keystone_auth_uri, use_guestagent_template => false, }",CWE-215,1
request-1063,"file { ""/etc/init.d/add_swap"": source => ""puppet:///modules/tweaks/add_swap"", mode => 0755; }",CWE-732,1
request-1064,neutron_config { 'certificates/storage_path': value => $cert_storage_path; },CWE-732,1
request-1065,package <| tag == 'install' |> { ensure => latest },CWE-829,1
request-1066,"file {'policy.json': path => '/etc/cinder/policy.json', mode => '0644', owner => cinder, group => cinder, source => 'puppet:///modules/plugin_purestorage_cinder/policy.json', }",CWE-732,1
request-1066,"cinder_config { ""$fabric_zone_1/fc_fabric_password"": value => $fc_passwd_1; }",CWE-256,1
request-1066,"cinder_config { ""$fabric_zone_2/fc_fabric_password"": value => $fc_passwd_2; }",CWE-256,1
request-1066,"cinder_config { ""$fabric_zone_1/cisco_fc_fabric_password"": value => $fc_passwd_1; }",CWE-256,1
request-1066,"cinder_config { ""$fabric_zone_2/cisco_fc_fabric_password"": value => $fc_passwd_2; }",CWE-256,1
request-1067,"source => $host ? { 'all' => $ip_version ? { 'ipv6' => '::/0', default => '0.0.0.0/0' }, default => $host, }",CWE-284,1
request-1068,"mediawiki::maintenance { 'rebuild_file_cache': command => '/usr/local/bin/foreachwiki rebuildfilecache.php', refreshonly => true, }",CWE-78,1
request-1069,"file { ""${bifrost_config_folder}/bifrost_global_vars"": ensure => present, content => template('ironic/bifrost_global_vars.erb'), require => file[$bifrost_config_folder], }",CWE-522,1
request-1069,"file { ""${bifrost_config_folder}/baremetal.json"": ensure => present, content => template('ironic/baremetal.json.erb'), require => file[$bifrost_config_folder], }",CWE-522,1
request-1070,"class { '::nova' : rabbit_hosts => $rabbit_hosts, }",CWE-319,1
request-1071,,,0
request-1072,,,0
request-1073,,,0
request-1074,,,0
request-1075,$erlang_cookie = 'eokowxqreetzshfntpey',CWE-798,1
request-1076,"file { '/srv/node': ensure => directory, owner => 'swift', group => 'swift', require => package['openstack-swift'], }",CWE-732,1
request-1077,"class { '::redis': conf_bind => $redis_bind_address, ... }",CWE-200,1
request-1077,"firewall {'121 redis_port': port => $redis_port, proto => 'tcp', action => 'accept', }
firewall {'122 redis_sentinel_port': port => $redis_sentinel_port, proto => 'tcp', action => 'accept', }",CWE-284,1
request-1078,"concat { '/etc/haproxy/haproxy.cfg': owner => '0', group => '0', mode => '0644', before => service['haproxy'], }",CWE-732,1
request-1079,$quota_firewall_rule = -1,CWE-770,1
request-1080,"$keystone_protocol = get_ssl_property($ssl_hash, {}, 'keystone', 'admin', 'protocol', 'http')
$auth_url = ""${keystone_protocol}://${keystone_address}:35357/${keystone_version}""",CWE-319,1
request-1080,"$neutron_protocol = get_ssl_property($ssl_hash, {}, 'neutron', 'admin', 'protocol', 'http')",CWE-319,1
request-1080,$admin_token = $keystone['admin_token'],CWE-798,1
request-1080,$rabbit_password = $rabbit['password'],CWE-798,1
request-1080,$service_token = $neutron_config['keystone']['admin_password'],CWE-798,1
request-1080,$admin_password = $admin_settings['password'],CWE-798,1
request-1081,,,0
request-1082,,,0
request-1083,"exec { 'sahara-dbmanage': command => ""sahara-db-manage ${extra_params} upgrade head"", path => '/usr/bin', user => 'sahara', refreshonly => true, logoutput => on_failure, tag => 'openstack-db', }",CWE-78,1
request-1084,"service { $service_name : ensure => 'running', enable => true, }",CWE-284,1
request-1085,$access_password = $zabbix_hash['monitoring_password'],CWE-522,1
request-1085,$keystone_db_password = $keystone_hash['db_password'],CWE-522,1
request-1085,$nova_db_password = $nova_hash['db_password'],CWE-522,1
request-1085,$neutron_db_password = $neutron_hash['database']['passwd'],CWE-522,1
request-1085,$cinder_db_password = $cinder_hash['db_password'],CWE-522,1
request-1085,$rabbit_password = $rabbit_hash['password'],CWE-522,1
request-1086,"file { $db_options_file: ensure => file, content => $db_file_content, replace => false, notify => exec['remove_db_options_file'], }",CWE-522,1
request-1086,"mysql::db { $db_name: user => $db_username, password => $db_password, host => '%', require => file[$db_options_file], }",CWE-284,1
request-1087,mode => '0444',CWE-732,1
request-1088,,,0
request-1089,"exec {'saml_idp_metadata': path => '/usr/bin', user => ""${user}"", command => ""keystone-manage saml_idp_metadata > ${idp_metadata_path}"", creates => $idp_metadata_path, subscribe => anchor['keystone::config::end'], notify => anchor['keystone::service::end'], tag => 'keystone-exec', }",CWE-78,1
request-1090,,,0
request-1091,,,0
request-1092,$db_password = '',CWE-798,1
request-1093,"ceph::key { 'client.admin': secret => $admin_key, cap_mon => 'allow *', cap_osd => 'allow *', cap_mds => 'allow', }",CWE-266,1
request-1094,"class { '::ceilometer::db': database_connection => ""mongodb://${config_mongodb_host}:27017/ceilometer"", }",CWE-306,1
request-1094,"$bind_host = hiera('config_ip_version') ? { 'ipv6' => '::0', default => '0.0.0.0', } ... class { '::ceilometer::api': host => $bind_host, ... }",CWE-200,1
request-1094,"class { '::ceilometer::wsgi::apache': ssl => false, }",CWE-319,1
request-1095,apt::ppa { 'ppa:qpid/testing' : },CWE-494,1
request-1096,"openstack::ha::haproxy_service { 'heat-api': order => '160', listen_port => 8004, }
openstack::ha::haproxy_service { 'heat-api-cfn': order => '161', listen_port => 8000, }
openstack::ha::haproxy_service { 'heat-api-cloudwatch': order => '162', listen_port => 8003, }",CWE-200,1
request-1097,"keystone_user_role { 'user_one::project_one': ensure => present, user_domain => 'domain_one', project_domain => 'domain_two', roles => ['admin'] }",CWE-250,1
request-1097,"keystone_user_role { 'user_one::domain_one@project_one::domain_two': ensure => present, roles => ['admin'] }",CWE-250,1
request-1097,"keystone_user_role { 'user_one::domain_one@project_one::domain_one': ensure => present, project_domain => 'domain_two', roles => ['admin'] }",CWE-250,1
request-1097,"keystone_user_role { 'user_one': ensure => present, user_domain => 'domain_one', project => 'project_one', project_domain => 'domain_two', roles => ['admin'] }",CWE-250,1
request-1097,"keystone_user_role { 'user_one@::domain': ensure => present, user_domain => 'domain_one', roles => ['admin'] }",CWE-250,1
request-1097,"keystone_user_role { 'user_one::domain_one@::domain_one': ensure => present, roles => ['admin'] }",CWE-250,1
request-1097,"keystone_user_role { 'meaningless_title': ensure => present, user => 'user_one', user_domain => 'domain_one', domain => 'domain_one', roles => ['admin'] }",CWE-250,1
request-1097,"keystone_user_role { 'meaningless::meaningless': ensure => present, user => 'user_one', user_domain => 'domain_one', project => 'project_one', project_domain => 'domain_one', roles => ['admin'] }",CWE-250,1
request-1097,"keystone_user_role { 'meaningless::@meaningless': ensure => present, user => 'user_one', user_domain => 'domain_one', domain => 'project_one', roles => ['admin'] }",CWE-250,1
request-1097,"keystone_user_role { 'user_one@::domain_one': ensure => present, user_domain => 'domain_one', project => 'project_one', project_domain => 'domain_two', roles => ['admin'] }",CWE-250,1
request-1098,"'default/osapi_compute_listen': value => $api_bind_address;
'default/metadata_listen': value => $metadata_listen;",CWE-200,1
request-1099,"rabbitmq_user_permissions { 'ironic@/': configure_permission => '.*', write_permission => '.*', read_permission => '.*', provider => 'rabbitmqctl', require => class['::rabbitmq'], }",CWE-732,1
request-1099,"class { '::ironic::db::mysql': password => 'ironic', }",CWE-798,1
request-1099,database_connection => 'mysql+pymysql://ironic:ironic@127.0.0.1/ironic?charset=utf8',CWE-798,1
request-1100,"mysql::sql { ""${db_user}_full_priv_${db_name}"": sql => ""grant all privileges on ${db_name}.* to ${db_user}@${db_host}"", unless => ""select 1 from information_schema.schema_privileges where table_schema = '${db_name}' and grantee = \""'${db_user}'@'${db_host}'\"" limit 1"", require => mysql::user[$db_user], }",CWE-266,1
request-1100,"exec { ""${db_name}_include_extra_settings"": command => '/bin/echo ""include_once \'/vagrant/localsettings.php\';"" >> localsettings.php', cwd => $settings_root, unless => '/bin/grep ""/vagrant/localsettings.php"" localsettings.php', require => exec[""${db_name}_setup""], }",CWE-73,1
request-1101,$password = false,CWE-798,1
request-1102,$password = 'password',CWE-798,1
request-1103,,,0
request-1104,"exec { 'fix_ipt_modules': command => '/bin/sed -i ""s/^ipt_modules=.*/ipt_modules=\""nf_conntrack_ftp nf_nat_ftp nf_conntrack_netbios_ns nf_conntrack_tftp\""/g"" /etc/default/ufw', unless => '/bin/grep ""^ipt_modules=.*nf_conntrack_tftp"" /etc/default/ufw > /dev/null', notify => exec['load_tftp_mod'] }",CWE-78,1
request-1105,,,0
request-1106,"concat::fragment { ""10-$title"": target => ""/etc/sudoers"", content => $content; }",CWE-250,1
request-1107,"file { '/etc/sysconfig/astute': content => template('fuel/astute/sysconfig.erb'), owner => 'root', group => 'root', mode => '0644' }",CWE-538,1
request-1107,"file {'/etc/astute/astuted.conf': content => template('fuel/astute/astuted.conf.erb'), owner => 'root', group => 'root', mode => '0644', require => file['/etc/astute'], }",CWE-538,1
request-1108,"command => ""${sleep}heat-manage purge_deleted -g ${age_type} ${age} >>${destination} 2>&1""",CWE-78,1
request-1109,,,0
request-1110,"resources { 'gnocchi_config': purge => $purge_config, }",CWE-732,1
request-1111,"admin_password => 'a_big_secret',",CWE-798,1
request-1111,"log_file => 'tempest.log',
...
tempest_clone_path => '/tmp/openstack/tempest',
lock_path => '/tmp/openstack/tempest',
tempest_config_file => '/tmp/openstack/tempest/etc/tempest.conf',
img_dir => '/tmp/openstack/tempest',",CWE-379,1
request-1112,"file { ""/etc/syslog.conf"": content => template(""${module_name}/darwin_syslog.conf.erb""), mode => '0644', owner => root, group => wheel, notify => service['com.apple.syslogd']; }",CWE-276,1
request-1113,"class { '::rsyslog::server': enable_tcp => $enable_tcp, enable_udp => $enable_udp, server_dir => '/var/log/', high_precision_timestamps => $show_timezone, port => $port, }",CWE-200,1
request-1113,"firewall { ""${port} udp rsyslog"": port => $port, proto => 'udp', action => 'accept', }
firewall { ""${port} tcp rsyslog"": port => $port, proto => 'tcp', action => 'accept', }",CWE-284,1
request-1114,"timeout => 0,",CWE-400,1
request-1115,"@file { [""/tmp/funccomma1"",""/tmp/funccomma2""]: content => ""1"" }",CWE-377,1
request-1116,"file { $name: ensure => file, mode => $mode }",CWE-276,1
request-1117,'storage/ceph_keyring': value => $ceph_keyring; 'storage/ceph_secret': value => $ceph_secret;,CWE-522,1
request-1118,$dbmanage_command = 'murano-db-manage --config-file /etc/murano/murano.conf upgrade',CWE-78,1
request-1119,"file { ""/etc/sudoers.d"" : force => true, ensure => absent ; }",CWE-276,1
request-1120,"command => ""${sleep}keystone-manage token_flush >>${destination} 2>&1"",",CWE-78,1
request-1121,,,0
request-1122,"create_resources('neutron_config', $server_config)
create_resources('neutron_api_config', $api_config)
create_resources('neutron_l3_agent_config', $l3_agent_config)
create_resources('neutron_dhcp_agent_config', $dhcp_agent_config)
create_resources('neutron_metadata_agent_config', $metadata_agent_config)
create_resources('neutron_metering_agent_config', $metering_agent_config)
create_resources('neutron_vpnaas_agent_config', $vpnaas_agent_config)
create_resources('neutron_plugin_linuxbridge', $plugin_linuxbridge_config)
create_resources('neutron_plugin_cisco_db_conn', $plugin_cisco_db_conn_config)
create_resources('neutron_plugin_cisco_l2network', $plugin_cisco_l2network_config)
create_resources('neutron_plugin_cisco', $plugin_cisco_config)
create_resources('neutron_plugin_midonet', $plugin_midonet_config)
create_resources('neutron_plugin_plumgrid', $plugin_plumgrid_config)
create_resources('neutron_plugin_opencontrail', $plugin_opencontrail_config)
create_resources('neutron_plugin_nuage', $plugin_nuage_config)
create_resources('neutron_plugin_ml2', $plugin_ml2_config)",CWE-915,1
request-1123,,,0
request-1124,"file { ""/tools"": ensure => directory; }",CWE-732,1
request-1125,"file {'/etc/corosync/uidgid.d/pacemaker': content =>""uidgid { uid: ${pacemaker_run_uid} gid: ${pacemaker_run_gid} }"" }",CWE-732,1
request-1126,,,0
request-1127,"openstacklib::policy::base { file_path => $policy_path, }",CWE-276,1
request-1128,"$db_password = pick($nova_hash['db_password'], 'nova')",CWE-798,1
request-1128,"$ironic_user_password = pick($ironic_hash['user_password'],'ironic')",CWE-798,1
request-1129,"charset = 'utf8', collate = 'utf8_general_ci'",CWE-176,1
request-1130,"file_line { ""set initscript env ${name}"": line => $override_line, path => $::cinder::params::ceph_init_override, notify => service['cinder-volume'], }",CWE-78,1
request-1131,"file { ""${dirs::etc::dir}/instance_metadata.json"": owner => root, mode => 0644, content => ""{}""; }",CWE-276,1
request-1132,"command => ""{{cookiecutter.project_name}}-manage db_sync ${extra_params}""",CWE-78,1
request-1133,"file { ""${nrpe::settings::nrpe_etcdir}/nrpe.d/$title.cfg"": owner => $::users::root::username, group => $::users::root::group, notify => class['nrpe::service'], content => ""command[$title]=$cfg\n""; }",CWE-20,1
request-1134,"file { ""/etc/yum.repos.d"": ensure => directory, recurse => true, purge => true; }",CWE-732,1
request-1134,"file { ""/etc/apt/sources.list.d"": ensure => directory, purge => true, recurse => true, force => true; }",CWE-732,1
request-1135,$database_connection = 'sqlite:////var/lib/trove/trove.sqlite',CWE-359,1
request-1136,"mysql::sql { ""grant all privileges on ${db_name}.* to ${db_user}@${db_host}"": unless => ""select 1 from information_schema.schema_privileges where table_schema = '${db_name}' and grantee = \""'${db_user}'@'${db_host}'\"" limit 1"", require => mysql::user[$db_user], }",CWE-266,1
request-1137,$auth_url = 'http://localhost:35357',CWE-319,1
request-1137,$auth_uri = 'http://localhost:5000',CWE-319,1
request-1138,"firewall {'500 zookeeper ports': port => '2888-3888', proto => 'tcp', action => 'accept', require => class['::zookeeper'] }
firewall {'501 zookeeper ports': port => '2181', proto => 'tcp', action => 'accept', require => class['::zookeeper'] }
firewall {'550 cassandra ports': port => '9042', proto => 'tcp', action => 'accept', require => class['::cassandra'] }
firewall {'551 cassandra ports': port => '7000', proto => 'tcp', action => 'accept', require => class['::cassandra'] }
firewall {'552 cassandra ports': port => '7199', proto => 'tcp', action => 'accept', require => class['::cassandra'] }
firewall {'553 cassandra ports': port => '9160', proto => 'tcp', action => 'accept', require => class['::cassandra'] }
firewall {'554 cassandra ports': port => '59471', proto => 'tcp', action => 'accept', require => class['::cassandra'] }",CWE-284,1
request-1139,"$public_url = 'http://127.0.0.1:9696', $admin_url = 'http://127.0.0.1:9696', $internal_url = 'http://127.0.0.1:9696',",CWE-319,1
request-1140,"file { $file_path: ensure => file, content => template('osnailyfacter/resolv.conf.erb') }",CWE-494,1
request-1141,"class vmware::ceilometer::compute_vmware( ... $vc_insecure = true, ... ) { ... class { '::vmware::ssl': vc_insecure => $vc_insecure, ... } ... ceilometer_config { ... 'vmware/insecure': value => $ceilometer_vcenter_insecure_real; ... } ... }",CWE-295,1
request-1142,'api/host' : value => $host;,CWE-200,1
request-1143,"command => ""cinder-manage db purge ${age} >>${destination} 2>&1""",CWE-78,1
request-1144,service { $server_service : ensure => running },CWE-284,1
request-1145,"openstack::ha::haproxy_service { 'nova-novncproxy': order => '170', listen_port => 6080, public => true, public_ssl => $public_ssl, public_ssl_path => $public_ssl_path, internal => false, require_service => 'nova-vncproxy', haproxy_config_options => { 'option' => 'http-buffer-request', 'timeout' => 'http-request 10s', 'http-request' => 'set-header x-forwarded-proto https if { ssl_fc }', }, }",CWE-319,1
request-1146,"'default/heat_metadata_server_url': value => $heat_metadata_server_url;
'default/heat_waitcondition_server_url': value => $heat_waitcondition_server_url;
'default/heat_watch_server_url': value => $heat_watch_server_url;",CWE-319,1
request-1147,require_package('imagemagick'),CWE-829,1
request-1148,,,0
request-1149,'keystone/insecure': value => true;,CWE-319,1
request-1150,,,0
request-1151,"$public_url = 'http://127.0.0.1:8779/v1.0/%(tenant_id)s', $admin_url = 'http://127.0.0.1:8779/v1.0/%(tenant_id)s', $internal_url = 'http://127.0.0.1:8779/v1.0/%(tenant_id)s',",CWE-319,1
request-1152,,,0
request-1153,"file { '/etc/logstash/conf.d': ensure => directory, recurse => true, purge => true, force => true, source => 'puppet:///modules/logstash/conf.d', require => package['logstash'], }",CWE-732,1
request-1154,,,0
request-1155,"define monasca::checks::instances::solidfire ( $admin_name, $admin_password, $cluster_mvip, ) { ... concat::fragment { ""${title}_solidfire_instance"": target => ""${conf_dir}/solidfire.yaml"", content => template('monasca/checks/solidfire.erb'), order => '1', } }",CWE-522,1
request-1156,,,0
request-1157,"file { $file: mode => '0644', owner => 'root', group => 'root', source => 'puppet:///modules/cinder_datera_driver/7.0/datera.py', }",CWE-732,1
request-1157,"file { $file: mode => '0644', owner => 'root', group => 'root', source => 'puppet:///modules/cinder_datera_driver/8.0/datera.py', }",CWE-732,1
request-1158,"class { '::mysql::server': config_hash => { 'bind_address' => '0.0.0.0', }, }",CWE-284,1
request-1158,"$swift_admin_password = hiera('admin_password', 'admin_password')",CWE-798,1
request-1158,"$swift_shared_secret = hiera('swift_shared_secret', 'changeme')",CWE-798,1
request-1158,"$swift_keystone_db_password = hiera('keystone_db_password', 'keystone_db_password')",CWE-798,1
request-1158,"$keystone_admin_token = hiera('admin_token', 'service_token')",CWE-798,1
request-1158,"$swift_keystone_admin_password = hiera('admin_password', 'changeme')",CWE-798,1
request-1159,"rabbitmq_user { 'glance': admin => true, password => 'an_even_bigger_secret', provider => 'rabbitmqctl', require => class['::rabbitmq'], }",CWE-798,1
request-1159,"class { '::glance::db::mysql': password => 'glance', }",CWE-798,1
request-1159,"class { '::glance::keystone::auth': public_url => ""${::openstack_integration::config::base_url}:9292"", internal_url => ""${::openstack_integration::config::base_url}:9292"", admin_url => ""${::openstack_integration::config::base_url}:9292"", password => 'a_big_secret', }",CWE-798,1
request-1159,"class { '::glance::api::authtoken': password => 'a_big_secret', user_domain_name => 'default', project_domain_name => 'default', auth_url => $::openstack_integration::config::keystone_admin_uri, auth_uri => $::openstack_integration::config::keystone_auth_uri, memcached_servers => $::openstack_integration::config::memcached_servers, }",CWE-798,1
request-1159,"class { '::glance::registry::authtoken': password => 'a_big_secret', user_domain_name => 'default', project_domain_name => 'default', auth_url => $::openstack_integration::config::keystone_admin_uri, auth_uri => $::openstack_integration::config::keystone_auth_uri, memcached_servers => $::openstack_integration::config::memcached_servers, }",CWE-798,1
request-1159,"class { '::glance::backend::swift': swift_store_user => 'services:glance', swift_store_key => 'a_big_secret', swift_store_create_container_on_put => 'true', swift_store_auth_address => ""${::openstack_integration::config::keystone_auth_uri}/v3"", swift_store_auth_version => '3', }",CWE-798,1
request-1159,"class { '::glance::api': debug => true, database_connection => 'mysql+pymysql://glance:glance@127.0.0.1/glance?charset=utf8', workers => 2, stores => $glance_stores, default_store => $backend, bind_host => $::openstack_integration::config::host, registry_client_protocol => $::openstack_integration::config::proto, registry_client_cert_file => $crt_file, registry_client_key_file => $key_file, registry_host => $::openstack_integration::config::host, cert_file => $crt_file, key_file => $key_file, }",CWE-798,1
request-1159,"class { '::glance::registry': debug => true, database_connection => 'mysql+pymysql://glance:glance@127.0.0.1/glance?charset=utf8', bind_host => $::openstack_integration::config::host, workers => 2, cert_file => $crt_file, key_file => $key_file, }",CWE-798,1
request-1159,"class { '::glance::notify::rabbitmq': rabbit_userid => 'glance', rabbit_password => 'an_even_bigger_secret', rabbit_host => $::openstack_integration::config::ip_for_url, rabbit_port => $::openstack_integration::config::rabbit_port, notification_driver => 'messagingv2', rabbit_use_ssl => $::openstack_integration::config::ssl, }",CWE-798,1
request-1160,"$haproxy_stats_url = ""http://${service_endpoint}:10000/;csv""",CWE-319,1
request-1161,wgwaittimefortranscodereset => 1,CWE-400,1
request-1162,"file { ""/etc/apache2/sites-available/${site}"": ensure => $ensure, content => template('wikimetrics/wikimetrics.vhost.erb'), require => class['::apache::mod::wsgi'], }",CWE-706,1
request-1163,$privileges = 'all',CWE-266,1
request-1164,,,0
request-1165,"file { [ '/etc/nginx/conf.d', '/etc/nginx/sites-available', '/etc/nginx/sites-enabled' ]: ensure => ensure_directory($ensure), recurse => true, purge => true, force => true, tag => 'nginx', }",CWE-732,1
request-1166,"{ type => 'url', src => 'https://meta.wikimedia.org/w/index.php?title=title_blacklist&action=raw', }",CWE-829,1
request-1167,"$public_url = 'http://127.0.0.1:8774/v2.1', $internal_url = 'http://127.0.0.1:8774/v2.1', $admin_url = 'http://127.0.0.1:8774/v2.1'",CWE-319,1
request-1168,"service { 'sysfsutils' : ensure => 'running', enable => true, status => '/bin/true', hasrestart => true, }",CWE-693,1
request-1169,"$public_url = 'http://127.0.0.1:9292', $admin_url = 'http://127.0.0.1:9292', $internal_url = 'http://127.0.0.1:9292',",CWE-319,1
request-1170,,,0
request-1171,"service <| tag == 'cinder-service' |> { hasrestart => true, restart => '/bin/true', start => '/bin/true', stop => '/bin/true', }",CWE-284,1
request-1172,,,0
request-1173,"service { 'cgconfigparser': ensure => running, hasstatus => false, status => '/bin/true', restart => 'service cgconfigparser restart', require => service['cgroup-lite'], }",CWE-273,1
request-1174,,,0
request-1175,"exec { 'disable_ipset': command => ""crudini --set ${ovs_conf_file} securitygroup enable_ipset false"", notify => service['openvswitch-switch'], }",CWE-78,1
request-1176,"log_level => 'debug',",CWE-532,1
request-1177,"pacemaker::resource::ocf { 'openstack-core': ocf_agent_name => 'heartbeat:dummy', clone_params => 'interleave=true', }",CWE-306,1
request-1178,"'wgdjvurenderer' => '/usr/bin/ddjvu', 'wgdjvudump' => '/usr/bin/djvudump', 'wgdjvutoxml' => '/usr/bin/djvutoxml', 'wgdjvutxt' => '/usr/bin/djvutxt', 'wgdjvupostprocessor' => '/usr/bin/ppmtojpeg',",CWE-78,1
request-1179,,,0
request-1180,,,0
request-1181,,,0
request-1182,if ! $package_name { warning('cluster::corosync::cs_service: without package definition can\'t protect service for autostart correctly.') },CWE-693,1
request-1183,"file { '/var/lib/nailgun-uwsgi': ensure => present, owner => 'root', group => 'root', mode => '0644', }",CWE-276,1
request-1184,$puppetmaster_upstream_rsync_source = 'rsync://puppetagain.pub.build.mozilla.org/data/',CWE-319,1
request-1184,'moco_ldap_uri' => 'ldap://ldap.db.scl3.mozilla.com/',CWE-319,1
request-1185,"exec { 'enable_corosync_notifyd': command => 'sed -i s/start=no/start=yes/ /etc/default/corosync-notifyd', unless => 'grep start=yes /etc/default/corosync-notifyd', }",CWE-78,1
request-1185,"exec { 'fix_corosync_notifyd_init_args': command => 'sed -i s/daemon_args=""""/daemon_args=""-d""/ /etc/init.d/corosync-notifyd', onlyif => 'grep \'daemon_args=""""\' /etc/init.d/corosync-notifyd', }",CWE-78,1
request-1185,"exec { 'fix_corosync_notifyd_init_pidfile': command => 'sed -i \'/pidfile=/var/run/corosync.pid/d\' /etc/init.d/corosync-notifyd', onlyif => 'grep \'pidfile=/var/run/corosync.pid\' /etc/init.d/corosync-notifyd', }",CWE-78,1
request-1186,,,0
request-1187,"file { '/etc/postfix/main.cf': content => template('postfix/main.cf.erb'), owner => 'root', group => 'root', mode => '0444', }",CWE-732,1
request-1187,"file { '/etc/postfix/virtual': content => template('postfix/virtual.erb'), owner => 'root', group => 'root', mode => '0444', }",CWE-732,1
request-1188,"$netapp_server_port = '80', ... $netapp_transport_type = 'http',",CWE-319,1
request-1189,,,0
request-1190,'network.host' => '::1',CWE-200,1
request-1191,"target_dir => '""c:\office 2010 developer resources\outlook 2010 mapi headers""'",CWE-732,1
request-1192,,,0
request-1193,$database_connection = 'sqlite:////var/lib/heat/heat.sqlite',CWE-312,1
request-1194,,,0
request-1195,"""$::users::builder::home/.vnc/passwd"": ensure => absent;",CWE-522,1
request-1195,"exec { ""enable-remote-builduser-access"": command => ""$kickstart -configure -allowaccessfor -specifiedusers; $kickstart -activate -configure -access -on -users $::users::builder::username -privs -all -restart -agent -menu"", refreshonly => true; }",CWE-269,1
request-1196,,,0
request-1197,,,0
request-1198,"service <| tag == 'cinder::volume' |> { hasrestart => true, restart => '/bin/true', start => '/bin/true', stop => '/bin/true', }",CWE-78,1
request-1199,"file { ""${conf_dir}/vertica.yaml"": owner => 'root', group => $::monasca::group, mode => '0640', content => template('monasca/checks/vertica.yaml.erb'), require => file[$conf_dir], }",CWE-522,1
request-1200,"openstack::ha::haproxy_service { 'neutron': order => '085', listen_port => 9696, public => true, public_ssl => $public_ssl, public_ssl_path => $public_ssl_path, internal_ssl => $internal_ssl, internal_ssl_path => $internal_ssl_path, define_backups => false, haproxy_config_options => { 'option' => ['httpchk', 'httplog', 'httpclose', 'http-buffer-request'], 'timeout' => 'http-request 10s', 'http-request' => 'set-header x-forwarded-proto https if { ssl_fc }', }, balancermember_options => 'check inter 10s fastinter 2s downinter 3s rise 3 fall 3', }",CWE-319,1
request-1201,"file { ""${agent_dir}/agent.yaml"": owner => 'root', group => 'root', mode => '0755', content => template('monasca/agent.yaml.erb'), require => file[$agent_dir], before => service['monasca-agent'], }",CWE-732,1
request-1202,,,0
request-1203,require_package('phantomjs'),CWE-829,1
request-1204,"file {'/etc/corosync/uidgid.d/pacemaker': content =>""uidgid { uid: ${pacemaker_run_uid} gid: ${pacemaker_run_gid} }"" }",CWE-732,1
request-1205,"firewall {'992 rabbitmq management': port => '15672', proto => 'tcp', action => 'accept', }",CWE-284,1
request-1206,"$public_url = 'http://127.0.0.1:9322', $admin_url = 'http://127.0.0.1:9322', $internal_url = 'http://127.0.0.1:9322',",CWE-319,1
request-1207,,,0
request-1208,,,0
request-1209,"if ($::operatingsystem == 'ubuntu') and (versioncmp($::operatingsystemmajrelease, '16') >= 0) { $ssl_enabled = false } else { $ssl_enabled = true }",CWE-319,1
request-1210,"file { ""${config_directory}/hive-site.xml"": content => template($hive_site_template), mode => $hive_site_mode, owner => 'hive', group => 'hive', require => package['hive'], }",CWE-276,1
request-1211,"resources { 'ec2api_config': purge => $purge_config, }",CWE-732,1
request-1212,"packages::pkgmsi {""7-zip 9.20"": msi => ""7z920.msi"", install_options => ['/quiet']; }",CWE-829,1
request-1213,$database_connection = 'mysql://designate:designate@localhost/designate',CWE-798,1
request-1214,,,0
request-1215,,,0
request-1216,"file { ""/etc/dnsmasq.d/${name}.conf"": content => template('fuel/dnsmasq.dhcp-range.erb'), owner => 'root', group => 'root', mode => '0644', }",CWE-732,1
request-1217,"'client.admin' => { 'secret' => 'aqd7kyjqqgoobhaaqrpaqsopswprrfmmomzvdw==', 'mode' => '0600', 'cap_mon' => 'allow *', 'cap_osd' => 'allow *', 'cap_mds' => 'allow *', }",CWE-732,1
request-1218,,,0
request-1219,"heka::input::logstreamer { 'rabbitmq': config_dir => $config_dir, decoder => 'rabbitmq', splitter => 'rabbitmq', log_directory => '/var/log/rabbitmq', file_match => 'rabbit@(?p<node>.+)\.log$', differentiator => '[""rabbitmq."", ""node""]', require => [heka::decoder::sandbox['rabbitmq'], heka::splitter::regex['rabbitmq']], notify => class['lma_collector::service::log'], }",CWE-732,1
request-1220,"$dashboard_desc = ""opendaylight dlux user interface. default credentials are ${user}/${password}""",CWE-312,1
request-1220,"exec { 'create_dashboard_link': command => ""/usr/bin/curl -h 'content-type: application/json' -x post \ -d '${json_message}' \ http://${master_ip}:8000/api/clusters/${cluster_id}/plugin_links"", }",CWE-598,1
request-1221,"file { $logrotatefile: owner => 'root', group => 'root', mode => '0644', content => template('openstack/10-fuel.conf.erb'), }",CWE-732,1
request-1221,"file { '/etc/logrotate.d/puppet': owner => 'root', group => 'root', mode => '0644', source => 'puppet:///modules/openstack/logrotate-puppet.conf', }",CWE-732,1
request-1222,$database_connection = 'sqlite:////var/lib/cinder/cinder.sqlite',CWE-359,1
request-1223,,,0
request-1224,"file { '/usr/lib/hive/lib/libmysql-java.jar': ensure => 'link', target => '/usr/share/java/mysql.jar', require => package['libmysql-java'], }",CWE-59,1
request-1225,"file { '/etc/lpupdatebug/lpupdatebug.conf': ensure => 'present', owner => 'root', group => 'root', mode => '0644', content => template('fuel_project/devops_tools/lpupdatebug.erb'), require => package['python-lpupdatebug'], }",CWE-732,1
request-1226,"file { ""/etc/supervisord.d/$name"": content => template(""supervisord/snippet.erb""), notify => service[""supervisord""]; }",CWE-276,1
request-1227,"file { '/etc/neutron/conf.d/neutron-server/ml2_conf_sriov.conf': ensure => link, target => '/etc/neutron/plugins/ml2/ml2_conf_sriov.ini', }",CWE-59,1
request-1228,,,0
request-1229,$database_connection = 'sqlite:////var/lib/aodh/aodh.sqlite',CWE-312,1
request-1230,"""http://${host}:${port}/server-status?auto""",CWE-319,1
request-1231,"file { '/etc/cron.d/wikimaintenance': content => template('wiki/wikimaintenance.erb'), }",CWE-732,1
request-1231,"file { '/etc/cron.d/wikiservices': content => template('wiki/wikiservices.erb'), }",CWE-732,1
request-1231,"file { '/etc/cron.d/wikistats': content => template('wiki/wikistats.erb'), }",CWE-732,1
request-1231,"file { '/etc/init/mw-jobrunner.conf': source => 'puppet:///modules/wiki/upstart', }",CWE-732,1
request-1232,"file { ""${config_directory}/hive-site.xml"": content => template($hive_site_template), mode => $hive_site_mode, owner => 'hive', group => 'hive', require => package['hive'], }",CWE-276,1
request-1233,"$cronscript: content => template(""${module_name}/crontask.erb""), mode => 0755;",CWE-732,1
request-1233,"$monitoring_cronscript: content => template(""${module_name}/kill_long_running.sh.erb""), mode => 0755;",CWE-732,1
request-1234,provider => 'shell',CWE-78,1
request-1235,"$public_url = 'http://127.0.0.1:9876', $admin_url = 'http://127.0.0.1:9876', $internal_url = 'http://127.0.0.1:9876'",CWE-319,1
request-1236,"file { '/etc/ssh/ssh_known_hosts': ensure => 'present', owner => 'root', group => 'root', mode => '0644', }",CWE-276,1
request-1237,"file { owner => root, backup => false, mode => filemode(0644), source_permissions => ignore, }",CWE-732,1
request-1237,"file { owner => 0, group => 0, mode => filemode(0644), backup => false, }",CWE-732,1
request-1238,$log_dir = '/var/log/aodh',CWE-732,1
request-1239,,,0
request-1240,,,0
request-1241,if $coordination_url { aodh_config { 'coordination/backend_url' : value => $coordination_url; } },CWE-20,1
request-1242,"file { $keyfile: content => file($astute_keyfile), owner => 'mongodb', mode => '0600', require => package['mongodb_server'], before => service['mongodb'], }",CWE-359,1
request-1242,"class { '::mongodb::server': ... admin_password => $ceilometer_hash['db_password'], store_creds => true, ... }",CWE-522,1
request-1243,"ensure_resource('file', '/etc/neutron/plugins/opencontrail', { ensure => directory, owner => 'root', group => 'neutron', mode => '0640'} )",CWE-276,1
request-1244,$password = $scaleio['password'],CWE-522,1
request-1245,,,0
request-1246,"'stats' => ['enable', 'uri /', 'auth haproxy:contrail123']",CWE-798,1
request-1247,'collector/udp_address': value => $udp_address;,CWE-200,1
request-1248,,,0
request-1249,"file { $key_file: content => $key_file_password, }",CWE-256,1
request-1250,"class cluster::galera_status ( $address = '0.0.0.0', ... ) { ... xinetd::service { 'galeracheck': bind => $address, ... } }",CWE-200,1
request-1251,,,0
request-1252,"package {'murano-glance-artifacts-plugin': ensure => 'latest', }
package {'python-app-catalog-ui': ensure => 'latest', }
class { '::murano::dashboard': enable_glare => $use_glare, repo_url => $repository_url, sync_db => false, package_ensure => 'latest' }",CWE-494,1
request-1252,"default => 'http://storage.apps.openstack.org',",CWE-829,1
request-1253,"exec { 'barbican-db-manage': command => ""barbican-manage db upgrade ${extra_params}"", path => '/usr/bin', user => 'barbican', refreshonly => true, }",CWE-78,1
request-1254,"keystone_user { $plugin_zabbix::params::openstack::access_user: ensure => 'present', enabled => true, password => $plugin_zabbix::params::openstack::access_password, email => ""${plugin_zabbix::params::openstack::access_user}@localhost"", }",CWE-522,1
request-1254,"class { 'plugin_zabbix::db::mysql': db_ip => $plugin_zabbix::params::db_ip, db_password => $plugin_zabbix::params::db_password, require => package[$plugin_zabbix::params::server_pkg], before => [ class['plugin_zabbix::frontend'], $next_service ], }",CWE-522,1
request-1255,"sudoers::custom { 'check_open_tcp': user => 'nagios', runas => 'buildduty', command => ""/builds/aws_manager/bin/python /builds/aws_manager/cloud-tools/scripts/aws_check_subnets.py -r us-east-1 -r us-west-2 -s test -s try -s build"" }",CWE-250,1
request-1256,'keystone_authtoken/admin_password': value => $keystone_password;,CWE-522,1
request-1256,"$auth_uri = 'http://localhost:5000/', $identity_uri = 'http://localhost:35357/',
...
'keystone_authtoken/auth_uri': value => $auth_uri;
'keystone_authtoken/identity_uri': value => $identity_uri;",CWE-319,1
request-1257,"file { '/var/lib/zabbix/.my.cnf': ensure => present, content => template('plugin_zabbix/my.cnf.erb'), require => file['/var/lib/zabbix'], }",CWE-312,1
request-1258,"command => ""octavia-db-manage upgrade head ${extra_params}""",CWE-78,1
request-1259,,,0
request-1260,"file { '/dev/kvm': owner => 'root', group => 'kvm', mode => '666', }",CWE-732,1
request-1260,"$libvirt_vnc_bind_host = hiera('config_ip_version') ? { 'ipv6' => '::0', default => '0.0.0.0', }
class { '::nova::compute::libvirt':
  libvirt_virt_type      => $libvirt_virt_type,
  vncserver_listen       => $libvirt_vnc_bind_host,
  migration_support      => true,
  libvirt_inject_partition => '-1',
}",CWE-200,1
request-1261,"file { $vcenter_ca_filepath: ensure => file, content => $vcenter_ca_content, mode => '0644', owner => 'root', group => 'root', }",CWE-200,1
request-1262,"$haproxy_config_options = { 'option' => ['httplog', 'forceclose', 'http-buffer-request'], 'timeout' => 'http-request 10s', 'balance' => 'roundrobin' }",CWE-284,1
request-1263,,,0
request-1264,"file { $cache_dir: ensure => directory, owner => 'vagrant', group => 'www-data', mode => '0775', }",CWE-732,1
request-1264,"file { ""${dir}/composer.local.json"": owner => $::share_owner, group => $::share_group, mode => '0664', source => 'puppet:///modules/mediawiki/composer.local.json', require => git::clone['mediawiki/core'], }",CWE-732,1
request-1265,"user { $username: password => secret(""builder_pw_cleartext""), groups => [""administrators"",""remote desktop users""], managehome => true, comment => ""builder""; }",CWE-522,1
request-1265,"exec { 'kill-builder-keychain': command => ""/bin/rm -rf $home/library/keychains/login.keychain"", refreshonly => true; }",CWE-732,1
request-1266,cinder_config { 'default/osapi_volume_listen': value => $bind_host; },CWE-200,1
request-1267,"""/usr/local/bin/python2.7"": ensure => link, target => ""/usr/bin/python"";",CWE-706,1
request-1268,"'server_loglevel' => 'debug',",CWE-532,1
request-1269,"class { '::openstack::logging': role => 'server', proto => 'both', port => '514', show_timezone => true, }",CWE-200,1
request-1270,"exec { 'set-secret-value virsh': command => ""/usr/bin/virsh secret-set-value --secret ${libvirt_rbd_secret_uuid} --base64 ${libvirt_key}"", unless => ""/usr/bin/virsh secret-get-value ${libvirt_rbd_secret_uuid} | grep ${libvirt_key}"", require => exec['get-or-set virsh secret'], before => anchor['nova::config::end'], }",CWE-312,1
request-1271,,,0
request-1272,$database_connection = 'mysql://murano:secrete@localhost:3306/murano',CWE-798,1
request-1273,"file { '/etc/neutron/api-paste.ini': ensure => file, mode => '0640', }",CWE-732,1
request-1274,,,0
request-1275,,,0
request-1276,,,0
request-1277,"file { $ocf_script_name : ensure => $ensure, path => $ocf_script_path, mode => '0755', owner => 'root', group => 'root', source => ""puppet:///modules/${ocf_script_file}"", }",CWE-434,1
request-1278,'dispersion/auth_key': value => $auth_pass;,CWE-798,1
request-1278,"onlyif => ""swift -a ${auth_url} --os-username ${auth_user} --os-project-name ${auth_tenant} --os-password ${auth_pass} -v ${auth_version} stat | grep 'account: '""",CWE-312,1
request-1278,"unless => ""swift -a ${auth_url} --os-username ${auth_user} --os-project-name ${auth_tenant} --os-password ${auth_pass} -v ${auth_version} list | grep dispersion_""",CWE-312,1
request-1279,"service<| title == 'nova-consoleauth' |> { hasrestart => true, restart => '/bin/true', start => '/bin/true', stop => '/bin/true', }",CWE-284,1
request-1280,"'wgallowhtmlemail' => true,",CWE-79,1
request-1281,"exec { ""mkfs-${name}"": command => ""mkfs.xfs -f -i size=${byte_size} ${target_device}"", path => ['/sbin/', '/usr/sbin/'], require => package['xfsprogs'], unless => ""xfs_admin -l ${target_device}"", before => anchor['swift::config::end'], }",CWE-78,1
request-1282,"heat_metadata_server_url => ""http://${heat_cfg_ctrl_host}:8000"", heat_waitcondition_server_url => ""http://${heat_cfg_ctrl_host}:8000/v1/waitcondition"", heat_watch_server_url => ""http://${heat_cfg_ctrl_host}:8003""",CWE-319,1
request-1283,,,0
request-1284,"file { '/etc/elasticsearch/logging.yml': ensure => file, owner => 'root', group => 'root', content => template('elasticsearch/logging.yml.erb'), mode => '0444', require => package['elasticsearch'], }",CWE-732,1
request-1284,"file { '/etc/logrotate.d/elasticsearch': source => 'puppet:///modules/elasticsearch/logrotate', owner => 'root', group => 'root', mode => '0444', }",CWE-732,1
request-1285,$admin_password = false,CWE-798,1
request-1285,$auth_uri = 'http://127.0.0.1:5000/v2.0/',CWE-319,1
request-1285,$identity_uri = 'http://127.0.0.1:35357/',CWE-319,1
request-1286,,,0
request-1287,'drivers:message_store:mongodb/ssl_keyfile': value => $ssl_keyfile; 'drivers:message_store:mongodb/ssl_certfile': value => $ssl_certfile; 'drivers:message_store:mongodb/ssl_cert_reqs': value => $ssl_cert_reqs; 'drivers:message_store:mongodb/ssl_ca_certs': value => $ssl_ca_certs;,CWE-319,1
request-1288,$source = '0.0.0.0/0',CWE-284,1
request-1289,,,0
request-1290,$openstack_password = '',CWE-798,1
request-1290,$openstack_url = 'http://127.0.0.1:5000/v2.0/',CWE-319,1
request-1291,"rabbitmq_user_permissions { 'sahara@/': configure_permission => '.*', write_permission => '.*', read_permission => '.*', provider => 'rabbitmqctl', require => class['::rabbitmq'], }",CWE-732,1
request-1291,"class { '::sahara::db::mysql': password => 'sahara', }",CWE-259,1
request-1291,"class { '::sahara': ... database_connection => 'mysql+pymysql://sahara:sahara@127.0.0.1/sahara?charset=utf8', ... }",CWE-259,1
request-1292,"$puppet_server_reporturl = ""http://foreman.pvt.build.mozilla.org:3001/""
$puppet_server_facturl = ""http://foreman.pvt.build.mozilla.org:3000/""",CWE-319,1
request-1292,'slavealloc_api_url' => 'http://slavealloc.pvt.build.mozilla.org/api/',CWE-319,1
request-1292,'moco_ldap_uri' => 'ldap://ldap.db.scl3.mozilla.com/',CWE-319,1
request-1292,"$shipit_notifier_api_root = ""http://ship-it.mozilla.org""",CWE-319,1
request-1292,"$slaveapi_slavealloc_url = ""http://slavealloc.build.mozilla.org/api/""
$slaveapi_buildapi_url = ""http://buildapi.pvt.build.mozilla.org/buildapi/""",CWE-319,1
request-1292,"$selfserve_private_url = ""http://buildapi.pvt.build.mozilla.org/buildapi/self-serve""",CWE-319,1
request-1292,"$slaverebooter_slaveapi = ""http://slaveapi1.srv.releng.scl3.mozilla.com:8080""",CWE-319,1
request-1292,'balrog_worker_api_root' => 'http://balrog/api',CWE-319,1
request-1293,,,0
request-1294,"class { '::osnailyfacter::apache': listen_ports => hiera_array('apache_ports', ['0.0.0.0:80', '0.0.0.0:8888']), }",CWE-200,1
request-1296,package { 'mig-agent': ensure => '20150330+e3f41a6.prod-1' },CWE-494,1
request-1296,package { 'mig-agent': ensure => '20150330+e3f41a6.prod' },CWE-494,1
request-1296,"packages::pkgdmg { 'mig-agent': version => '20150402+1c880e7.prod-x86_64', os_version_specific => false; }",CWE-494,1
request-1297,'default/backup_mount_options': value => $backup_mount_options;,CWE-732,1
request-1298,"$public_protocol = 'http', $admin_protocol = 'http', $internal_protocol = 'http',",CWE-319,1
request-1299,"file { ""/usr/local/bin/manage_instance_storage.py"": owner => ""root"", mode => 0755, source => ""puppet:///modules/aws/manage_instance_storage.py""; }",CWE-732,1
request-1300,,,0
request-1301,"php::ini { 'debug_output': settings => { display_errors => true, display_startup_errors => true, error_reporting => -1, } }",CWE-209,1
request-1301,"php::ini { 'session_defaults': settings => { 'session.save_path' => '/tmp' }, }",CWE-377,1
request-1302,,,0
request-1303,"file { $net_topology_script_path: ensure => $net_topology_script_ensure, mode => '0755', }",CWE-732,1
request-1304,,,0
request-1305,"'glance/swift_endpoint_url': value => ""http://${baremetal_vip}:8080"";",CWE-319,1
request-1305,'keystone_authtoken/auth_uri': value => $internal_auth_uri; 'keystone_authtoken/identity_uri': value => $admin_identity_uri;,CWE-319,1
request-1305,"$db_password = pick($ironic_hash['db_password'], 'ironic')",CWE-798,1
request-1305,"$ironic_user_password = pick($ironic_hash['user_password'],'ironic')",CWE-798,1
request-1306,$host = '0.0.0.0',CWE-200,1
request-1307,$nailgun_db_password = 'nailgun',CWE-259,1
request-1307,$keystone_db_password = 'keystone',CWE-259,1
request-1307,$keystone_admin_password = 'admin',CWE-259,1
request-1307,$keystone_nailgun_password = 'nailgun',CWE-259,1
request-1307,$keystone_monitord_password = 'monitord',CWE-259,1
request-1307,$keystone_admin_token = 'admin',CWE-798,1
request-1307,$rabbitmq_astute_password = 'naily',CWE-259,1
request-1307,$cobbler_password = 'cobbler',CWE-259,1
request-1307,$mco_password = 'marionette',CWE-259,1
request-1307,$keystone_ostf_password = 'ostf',CWE-259,1
request-1307,$ostf_db_password = 'ostf',CWE-259,1
request-1308,,,0
request-1309,'oslo_messaging_amqp/allow_insecure_clients' => { value => $allow_insecure_clients },CWE-306,1
request-1309,"'oslo_messaging_amqp/ssl_ca_file' => { value => $ssl_ca_file }, 'oslo_messaging_amqp/ssl_cert_file' => { value => $ssl_cert_file }, 'oslo_messaging_amqp/ssl_key_file' => { value => $ssl_key_file }, 'oslo_messaging_amqp/ssl_key_password' => { value => $ssl_key_password }",CWE-319,1
request-1310,,,0
request-1311,,,0
request-1312,,,0
request-1313,,,0
request-1314,resources { 'firewall': purge => true },CWE-284,1
request-1315,"file { ""/tmp/fqparent1"": ensure => file }",CWE-379,1
request-1315,"file { ""/tmp/fqparent2"": ensure => file }",CWE-379,1
request-1316,"""pcmk_host_value_chunk = $pcmk_host_list ? { undef => '$(/usr/sbin/crm_node -n)', default => $pcmk_host_list, }""",CWE-78,1
request-1317,"command => strip(""swift-ring-builder /etc/swift/${name}.builder rebalance ${seed}"")",CWE-78,1
request-1318,"apt::source { 'mesosphere': location => ""http://repos.mesosphere.io/${distro}"", release => $::lsbdistcodename, repos => 'main', key => 'e56151bf', key_server => 'keyserver.ubuntu.com', include_src => false, }",CWE-494,1
request-1318,"package { 'mesosphere-el-repo': ensure => present, provider => 'rpm', source => ""http://repos.mesosphere.io/el/${osrel}/noarch/rpms/mesosphere-el-repo-${osrel}-${mrel}.noarch.rpm"" }",CWE-494,1
request-1319,,,0
request-1320,"firewall { '997 zabbix agent': port => $zabbix_agent_port, proto => 'tcp', action => 'accept' }",CWE-284,1
request-1321,$privileges = 'all',CWE-266,1
request-1322,"file { ""/etc/cron.d/slaverebooter"": require => python::virtualenv[""${basedir}""], mode => 600, content => template(""slaverebooter/cron.erb""); }",CWE-276,1
request-1323,"file { 'drupal_settings_php': path => $settings_path, content => template('crm/settings.php.erb'), mode => '0644', require => git::clone[$::crm::repo], }",CWE-276,1
request-1323,"file { 'drupal_donationinterface_settings_php': path => ""${dir}/sites/default/donationinterface.settings.php"", content => template('crm/donationinterface.settings.php.erb'), mode => '0644', require => git::clone[$::crm::repo], }",CWE-276,1
request-1324,"mysql::db { $plugin_zabbix::params::db_name: user => $plugin_zabbix::params::db_user, password => $plugin_zabbix::params::db_password, host => $host, }",CWE-284,1
request-1324,"$host = regsubst($plugin_zabbix::params::db_ip,'^(\d+\.\d+\.\d+\.)\d+','\1%')",CWE-284,1
request-1325,,,0
request-1326,package { $dnsmasq_package: ensure => installed },CWE-284,1
request-1326,package { $tftp_package: ensure => installed },CWE-284,1
request-1327,"exec { 'cobbler_disable_selinux': command => 'setenforce 0', onlyif => 'getenforce | grep -q enforcing', }",CWE-250,1
request-1327,"exec { 'cobbler_disable_selinux_permanent': command => 'sed -ie ""s/^selinux=enforcing/selinux=disabled/g"" /etc/selinux/config', onlyif => 'grep -q ""^selinux=enforcing"" /etc/selinux/config' }",CWE-250,1
request-1328,"file { $vcenter_ca_filepath: ensure => file, content => $glance_vcenter_ca_content, mode => '0644', owner => 'root', group => 'root', }",CWE-732,1
request-1329,ssl => '0',CWE-319,1
request-1330,$log_dir = '/var/log/gnocchi',CWE-732,1
request-1331,keystone_password => 'password',CWE-798,1
request-1331,connection => 'mysql://neutron:password@192.168.1.1/neutron',CWE-798,1
request-1332,"file { $::l23network::params::interfaces_file: ensure => present, source => 'puppet:///modules/l23network/interfaces', }",CWE-552,1
request-1333,,,0
request-1334,"ccache::ccache_dir { ""/builds/ccache"": maxsize => ""10g"", owner => $users::builder::username, group => $users::builder::group; }",CWE-732,1
request-1335,"neutron_network { 'public': ensure => present, router_external => 'true', tenant_name => 'admin', }",CWE-284,1
request-1336,"file { $api_cfg_file: ensure => file, content => template('monasca/api-config.yml.erb'), mode => '0644', owner => $api_user, group => $::monasca::group, require => [user[$api_user], group[$::monasca::group], file[$::monasca::log_dir]], }",CWE-200,1
request-1337,"package { 'python-elasticsearch-curator': ensure => $package_version, }",CWE-494,1
request-1338,,,0
request-1339,"""password"" => ""\""${password}\""""",CWE-522,1
request-1340,$listener_sasl_mech = 'anonymous',CWE-306,1
request-1340,$listener_require_encrypt = 'no',CWE-319,1
request-1340,$listener_require_ssl = 'no',CWE-319,1
request-1341,,,0
request-1342,"create_resources('trove_config', $trove_config)",CWE-915,1
request-1342,"create_resources('trove_taskmanager_config', $trove_taskmanager_config)",CWE-915,1
request-1342,"create_resources('trove_conductor_config', $trove_conductor_config)",CWE-915,1
request-1342,"create_resources('trove_guestagent_config', $trove_guestagent_config)",CWE-915,1
request-1342,"create_resources('trove_api_paste_ini', $trove_api_paste_ini)",CWE-915,1
request-1343,"$haproxy_stats_url = ""http://${database_vip}:${haproxy_stats_port}/;csv""",CWE-200,1
request-1343,"$lb_url = ""http://${database_vip}:49000""",CWE-319,1
request-1344,"class { '::neutron': allow_overlapping_ips => true, ... }",CWE-284,1
request-1344,"class { '::neutron': ... rabbit_password => 'password', ... }",CWE-798,1
request-1344,"class { '::neutron::server': auth_password => 'password', ... database_connection => 'mysql://neutron:password@192.168.1.1/neutron', ... }",CWE-798,1
request-1344,"class { '::neutron::agents::l3': ... use_namespaces => false, ... }",CWE-284,1
request-1345,"$password = $ceilometer_hash['user_password']
...
class { '::vmware::ceilometer::compute_vmware':
  ...
  auth_password => $password,
  ...
}",CWE-522,1
request-1345,"vc_password => $compute['vc_password'],",CWE-522,1
request-1345,"vc_insecure => $compute['vc_insecure'],",CWE-295,1
request-1346,"file { $lock_path: ensure => directory, }",CWE-379,1
request-1347,"file { ""/etc/mock"": ensure => directory, recurse => true, force => true, purge => true, source => ""puppet:///modules/${module_name}/mock-config""; }",CWE-732,1
request-1348,password_hash => mysql_password($password),CWE-326,1
request-1349,"$ssl_default_ciphers = hiera('ssl_default_ciphers', 'high:!anull:!md5:!kedh')",CWE-327,1
request-1350,'vmware/host_password': value => $host_password;,CWE-522,1
request-1350,'vmware/insecure': value => $insecure;,CWE-295,1
request-1351,ignoreselected false,CWE-200,1
request-1352,"""${::shellprofile::settings::profile_d}/puppetdir.sh"": owner => $users::root::username, group => $users::root::group, mode => 0755, content => template(""shellprofile/puppetdir.sh.erb"");",CWE-732,1
request-1353,"file { ""/builds/mock_mozilla"": require => class[""packages::mozilla::mock_mozilla""], ensure => ""directory"", owner => ""root"", group => ""mock_mozilla"", mode => 2775; }",CWE-732,1
request-1354,$key = 'foo',CWE-321,1
request-1355,"class {'::tripleo::network::midonet::api':
  ...
  keystone_admin_token => $keystone_admin_token,
  ...
}",CWE-798,1
request-1356,,,0
request-1357,,,0
request-1358,"keepalived::vrrp_script { 'haproxy': name_is_process => $keepalived_name_is_process, script => $keepalived_vrrp_script, }",CWE-78,1
request-1359,'deploy/continue_if_disk_secure_erase_fails': value => $continue_if_disk_secure_erase_fails;,CWE-312,1
request-1360,"concat { $target: owner => '0', group => '0', mode => '0644', }",CWE-732,1
request-1361,"file { ""${basedir}/signing.ini"": content => template(""signingserver/signing.ini.erb""), owner => $user, group => $group, notify => exec[""$title-reload-signing-server""], require => python::virtualenv[$basedir], show_diff => false; ""${basedir}/signscript.ini"": content => template(""signingserver/signscript.ini.erb""), owner => $user, group => $group, notify => exec[""$title-reload-signing-server""], require => python::virtualenv[$basedir], show_diff => false; $full_public_ssl_cert: owner => $user, group => $group, source => ""puppet:///modules/signingserver/${config::org}/signing.server.cert""; }",CWE-732,1
request-1362,,,0
request-1363,"file { ""${status_location}"": owner => $owner, group => $group, mode => 755, ensure => directory; ... }",CWE-732,1
request-1364,$onos_pkg_url = 'http://downloads.onosproject.org/release/onos-1.3.0.tar.gz',CWE-494,1
request-1365,warning('auth creds will be used from env or /root/openrc file or cinder.conf'),CWE-522,1
request-1366,"class { '::swift': swift_hash_path_suffix => 'secrete', }",CWE-798,1
request-1366,"class { '::swift::proxy::authtoken': auth_uri => ""${::openstack_integration::config::keystone_auth_uri}/v2.0"", auth_url => ""${::openstack_integration::config::keystone_admin_uri}/"", password => 'a_big_secret', }",CWE-798,1
request-1366,"class { '::swift::keystone::auth': public_url => ""http://${::openstack_integration::config::ip_for_url}:8080/v1/auth_%(tenant_id)s"", admin_url => ""http://${::openstack_integration::config::ip_for_url}:8080"", internal_url => ""http://${::openstack_integration::config::ip_for_url}:8080/v1/auth_%(tenant_id)s"", password => 'a_big_secret', operator_roles => ['admin', 'swiftoperator', 'reselleradmin'], }",CWE-798,1
request-1366,"class { '::swift::storage::all': storage_local_net_ip => $::openstack_integration::config::host, incoming_chmod => 'du=rwx,g=rx,o=rx,fu=rw,g=r,o=r', outgoing_chmod => 'du=rwx,g=rx,o=rx,fu=rw,g=r,o=r', mount_check => false, }",CWE-732,1
request-1367,"nrpe_command => '/usr/lib/nagios/plugins/check_procs -c 1:1 -c java -a ""kafka.kafka /etc/kafka/server.properties""'",CWE-78,1
request-1367,"nrpe_command => '/usr/lib/nagios/plugins/check_procs -c 1:1 -c java --ereg-argument-array ""-jar.+jmxtrans-all.jar""'",CWE-78,1
request-1368,neutron_fwaas_service_config { 'fwaas/enabled': value => $enabled; 'fwaas/driver': value => $driver; },CWE-15,1
request-1369,"'default/public_bind_host': value => $public_bind_host;
'default/admin_bind_host': value => $admin_bind_host;",CWE-200,1
request-1369,"keystone_config { 'default/admin_token': value => $admin_token, secret => true; }",CWE-798,1
request-1370,'ldap/url': value => $url;,CWE-319,1
